DELITOS PATRIMONIALES,,,,,,,,,,,,,,,,,,,,,,,,,,,,,,,,,
ROBO DE VEHÍCULO,,,,,,,,,,,,,,,,,,,,,,,,,,,,,,,,,
2001,ENE,FEB,MAR,ABR,MAY,JUN,,TOTAL,,,,,,,,,,,,,,,,,,,,,,,,,
,164,158,200,165,178,169,,"2,240",,,,,,,,,,,,,,,,,,,,,,,,,
,JUL,AGO,SEP,OCT,NOV,DIC,,,,,,,,,,,,,,,,,,,,,,,,,,,
,183,189,210,215,230,179,,,,,,,,,,,,,,,,,,,,,,,,,,,
,,,,,,,,,,,,,,,,,,,,,,,,,,,,,,,,,
2002,ENE,FEB,MAR,ABR,MAY,JUN,,TOTAL,,,,,,,,,,,,,,,,,,,,,,,,,
,210,179,174,196,182,179,,"2,194",,,,,,,,,,,,,,,,,,,,,,,,,
,JUL,AGO,SEP,OCT,NOV,DIC,,,,,,,,,,,,,,,,,,,,,,,,,,,
,185,198,194,174,175,148,,,,,,,,,,,,,,,,,,,,,,,,,,,
,,,,,,,,,,,,,,,,,,,,,,,,,,,,,,,,,
2003,ENE,FEB,MAR,ABR,MAY,JUN,,TOTAL,,,,,,,,,,,,,,,,,,,,,,,,,
,191,199,217,180,252,213,,"2,403",,,,,,,,,,,,,,,,,,,,,,,,,
,JUL,AGO,SEP,OCT,NOV,DIC,,,,,,,,,,,,,,,,,,,,,,,,,,,
,211,215,188,186,192,159,,,,,,,,,,,,,,,,,,,,,,,,,,,
,,,,,,,,,,,,,,,,,,,,,,,,,,,,,,,,,
,,,,,TOTAL 2001-2003,,,6837,,,,,,,,,,,,,,,,,,,,,,,,,
 ,,,,,,,,,,,,,,,,,,,,,,,,,,,,,,,,,
2004,ENE,FEB,MAR,ABR,MAY,JUN,,TOTAL,,,,,,,,,,,,,,,,,,,,,,,,,
,175,148,132,131,160,150,,"1,735",,,,,,,,,,,,,,,,,,,,,,,,,
,JUL,AGO,SEP,OCT,NOV,DIC,,,,,,,,,,,,,,,,,,,,,,,,,,,
,144,164,132,144,150,105,,,,,,,,,,,,,,,,,,,,,,,,,,,
,,,,,,,,,,,,,,,,,,,,,,,,,,,,,,,,,
2005,ENE,FEB,MAR,ABR,MAY,JUN,,TOTAL,,,,,,,,,,,,,,,,,,,,,,,,,
,138,148,125,146,166,136,,"1,706",,,,,,,,,,,,,,,,,,,,,,,,,
,JUL,AGO,SEP,OCT,NOV,DIC,,,,,,,,,,,,,,,,,,,,,,,,,,,
,146,149,157,146,136,113,,,,,,,,,,,,,,,,,,,,,,,,,,,
,,,,,,,,,,,,,,,,,,,,,,,,,,,,,,,,,
2006,ENE,FEB,MAR,ABR,MAY,JUN,,TOTAL,,,,,,,,,,,,,,,,,,,,,,,,,
,117,99,115,88,134,94,,"1,331",,,,,,,,,,,,,,,,,,,,,,,,,
,JUL,AGO,SEP,OCT,NOV,DIC,,,,,,,,,,,,,,,,,,,,,,,,,,,
,123,102,104,134,120,101,,,,,,,,,,,,,,,,,,,,,,,,,,,
,,,,,,,,,,,,,,,,,,,,,,,,,,,,,,,,,
,,,,,TOTAL 2004-2006,,,4772,,,,,,,,,,,,,,,,,,,,,,,,,
,,,,,,,,,,,,,,,,,,,,,,,,,,,,,,,,,
2007,ENE,FEB,MAR,ABR,MAY,JUN,,TOTAL,,,,,,,,,,,,,,,,,,,,,,,,,
,123,119,122,93,106,131,,"1,493",,,,,,,,,,,,,,,,,,,,,,,,,
,JUL,AGO,SEP,OCT,NOV,DIC,,,,,,,,,,,,,,,,,,,,,,,,,,,
,128,114,114,134,160,149,,,,,,,,,,,,,,,,,,,,,,,,,,,
,,,,,,,,,,,,,,,,,,,,,,,,,,,,,,,,,
2008,ENE,FEB,MAR,ABR,MAY,JUN,,TOTAL,,,,,,,,,,,,,,,,,,,,,,,,,
,133,99,130,127,168,146,,"1,831",,,,,,,,,,,,,,,,,,,,,,,,,
,JUL,AGO,SEP,OCT,NOV,DIC,,,,,,,,,,,,,,,,,,,,,,,,,,,
,168,166,169,161,189,175,,,,,,,,,,,,,,,,,,,,,,,,,,,
,,,,,,,,,,,,,,,,,,,,,,,,,,,,,,,,,
2009,ENE,FEB,MAR,ABR,MAY,JUN,,TOTAL,,,,,,,,,,,,,,,,,,,,,,,,,
,131,126,155,134,139,111,,"1,548",,,,,,,,,,,,,,,,,,,,,,,,,
,JUL,AGO,SEP,OCT,NOV,DIC,,,,,,,,,,,,,,,,,,,,,,,,,,,
,106,130,131,140,129,116,,,,,,,,,,,,,,,,,,,,,,,,,,,
,,,,,,,,,,,,,,,,,,,,,,,,,,,,,,,,,
FUENTE : PROCURADURIA GENERAL DE JUSTICIA DE JALISCO,,,,,,,,,,,,,,,,,,,,,,,,,,,,,,,,,
,,,,,,,,,,,,,,,,,,,,,,,,,,,,,,,,,
DETENIDOS POR ROBO DE VEHÍCULO,,,,,,,,,,,,,,,,,,,,,,,,,,,,,,,,,
2001,ENE,FEB,MAR,ABR,MAY,JUN,,TOTAL,,,,,,,,,,,,,,,,,,,,,,,,,
,0,0,0,0,0,0,,54,,,,,,,,,,,,,,,,,,,,,,,,,
,JUL,AGO,SEP,OCT,NOV,DIC,,,,,,,,,,,,,,,,,,,,,,,,,,,
,0,12,14,10,14,4,,,,,,,,,,,,,,,,,,,,,,,,,,,
,,,,,,,,,,,,,,,,,,,,,,,,,,,,,,,,,
2002,ENE,FEB,MAR,ABR,MAY,JUN,,TOTAL,,,,,,,,,,,,,,,,,,,,,,,,,
,6,10,8,8,16,7,,83,,,,,,,,,,,,,,,,,,,,,,,,,
,JUL,AGO,SEP,OCT,NOV,DIC,,,,,,,,,,,,,,,,,,,,,,,,,,,
,2,10,7,3,3,3,,,,,,,,,,,,,,,,,,,,,,,,,,,
,,,,,,,,,,,,,,,,,,,,,,,,,,,,,,,,,
2003,ENE,FEB,MAR,ABR,MAY,JUN,,TOTAL,,,,,,,,,,,,,,,,,,,,,,,,,
,5,6,5,6,1,11,,70,,,,,,,,,,,,,,,,,,,,,,,,,
,JUL,AGO,SEP,OCT,NOV,DIC,,,,,,,,,,,,,,,,,,,,,,,,,,,
,2,4,0,7,8,15,,,,,,,,,,,,,,,,,,,,,,,,,,,
,,,,,,,,,,,,,,,,,,,,,,,,,,,,,,,,,
,,,,,TOTAL 2001-2003,,,207,,,,,,,,,,,,,,,,,,,,,,,,,
,,,,,,,,,,,,,,,,,,,,,,,,,,,,,,,,,
2004,ENE,FEB,MAR,ABR,MAY,JUN,,TOTAL,,,,,,,,,,,,,,,,,,,,,,,,,
,13,21,19,31,18,17,,248,,,,,,,,,,,,,,,,,,,,,,,,,
,JUL,AGO,SEP,OCT,NOV,DIC,,,,,,,,,,,,,,,,,,,,,,,,,,,
,22,14,24,23,23,23,,,,,,,,,,,,,,,,,,,,,,,,,,,
,,,,,,,,,,,,,,,,,,,,,,,,,,,,,,,,,
2005,ENE,FEB,MAR,ABR,MAY,JUN,,TOTAL,,,,,,,,,,,,,,,,,,,,,,,,,
,14,23,25,29,49,32,,449,,,,,,,,,,,,,,,,,,,,,,,,,
,JUL,AGO,SEP,OCT,NOV,DIC,,,,,,,,,,,,,,,,,,,,,,,,,,,
,44,41,40,40,54,58,,,,,,,,,,,,,,,,,,,,,,,,,,,
,,,,,,,,,,,,,,,,,,,,,,,,,,,,,,,,,
2006,ENE,FEB,MAR,ABR,MAY,JUN,,TOTAL ,,,,,,,,,,,,,,,,,,,,,,,,,
,49,39,51,31,68,38,,544,,,,,,,,,,,,,,,,,,,,,,,,,
,JUL,AGO,SEP,OCT,NOV,DIC,,,,,,,,,,,,,,,,,,,,,,,,,,,
,40,42,37,53,70,26,,,,,,,,,,,,,,,,,,,,,,,,,,,
,,,,,,,,,,,,,,,,,,,,,,,,,,,,,,,,,
,,,,,TOTAL 2004-2006,,,1241,,,,,,,,,,,,,,,,,,,,,,,,,
,,,,,,,,,,,,,,,,,,,,,,,,,,,,,,,,,
2007,ENE,FEB,MAR,ABR,MAY,JUN,,TOTAL ,,,,,,,,,,,,,,,,,,,,,,,,,
,19,46,43,37,45,38,,438,,,,,,,,,,,,,,,,,,,,,,,,,
,JUL,AGO,SEP,OCT,NOV,DIC,,,,,,,,,,,,,,,,,,,,,,,,,,,
,37,27,37,44,36,29,,,,,,,,,,,,,,,,,,,,,,,,,,,
,,,,,,,,,,,,,,,,,,,,,,,,,,,,,,,,,
2008,ENE,FEB,MAR,ABR,MAY,JUN,,TOTAL ,,,,,,,,,,,,,,,,,,,,,,,,,
,22,19,20,18,33,22,,294,,,,,,,,,,,,,,,,,,,,,,,,,
,JUL,AGO,SEP,OCT,NOV,DIC,,,,,,,,,,,,,,,,,,,,,,,,,,,
,25,37,27,29,15,27,,,,,,,,,,,,,,,,,,,,,,,,,,,
,,,,,,,,,,,,,,,,,,,,,,,,,,,,,,,,,
2009,ENE,FEB,MAR,ABR,MAY,JUN,,TOTAL ,,,,,,,,,,,,,,,,,,,,,,,,,
,25,24,29,29,37,12,,364,,,,,,,,,,,,,,,,,,,,,,,,,
,JUL,AGO,SEP,OCT,NOV,DIC,,,,,,,,,,,,,,,,,,,,,,,,,,,
,40,46,41,47,19,15,,,,,,,,,,,,,,,,,,,,,,,,,,,
,,,,,,,,,,,,,,,,,,,,,,,,,,,,,,,,,
VEHICULOS RECUPERADOS,,,,,,,,,,,,,,,,,,,,,,,,,,,,,,,,,
2001,ENE,FEB,MAR,ABR,MAY,JUN,,TOTAL,,,,,,,,,,,,,,,,,,,,,,,,,
,62,62,68,57,52,55,,668,,,,,,,,,,,,,,,,,,,,,,,,,
,JUL,AGO,SEP,OCT,NOV,DIC,,,,,,,,,,,,,,,,,,,,,,,,,,,
,51,55,67,40,56,43,,,,,,,,,,,,,,,,,,,,,,,,,,,
,,,,,,,,,,,,,,,,,,,,,,,,,,,,,,,,,
2002,ENE,FEB,MAR,ABR,MAY,JUN,,TOTAL,,,,,,,,,,,,,,,,,,,,,,,,,
,39,45,50,55,45,49,,613,,,,,,,,,,,,,,,,,,,,,,,,,
,JUL,AGO,SEP,OCT,NOV,DIC,,,,,,,,,,,,,,,,,,,,,,,,,,,
,48,65,61,66,41,49,,,,,,,,,,,,,,,,,,,,,,,,,,,
,,,,,,,,,,,,,,,,,,,,,,,,,,,,,,,,,
2003,ENE,FEB,MAR,ABR,MAY,JUN,,TOTAL,,,,,,,,,,,,,,,,,,,,,,,,,
,53,33,45,33,48,49,,551,,,,,,,,,,,,,,,,,,,,,,,,,
,JUL,AGO,SEP,OCT,NOV,DIC,,,,,,,,,,,,,,,,,,,,,,,,,,,
,54,52,57,44,52,31,,,,,,,,,,,,,,,,,,,,,,,,,,,
,,,,,,,,,,,,,,,,,,,,,,,,,,,,,,,,,
,,,,,TOTAL 2001-2003,,,1832,,,,,,,,,,,,,,,,,,,,,,,,,
,,,,,,,,,,,,,,,,,,,,,,,,,,,,,,,,,
2004,ENE,FEB,MAR,ABR,MAY,JUN,,TOTAL,,,,,,,,,,,,,,,,,,,,,,,,,
,70,77,93,96,87,76,,"1,044",,,,,,,,,,,,,,,,,,,,,,,,,
,JUL,AGO,SEP,OCT,NOV,DIC,,,,,,,,,,,,,,,,,,,,,,,,,,,
,84,91,84,105,98,83,,,,,,,,,,,,,,,,,,,,,,,,,,,
,,,,,,,,,,,,,,,,,,,,,,,,,,,,,,,,,
2005,ENE,FEB,MAR,ABR,MAY,JUN,,TOTAL,,,,,,,,,,,,,,,,,,,,,,,,,
,68,59,73,81,100,88,,"1,267",,,,,,,,,,,,,,,,,,,,,,,,,
,JUL,AGO,SEP,OCT,NOV,DIC,,,,,,,,,,,,,,,,,,,,,,,,,,,
,120,121,123,162,129,143,,,,,,,,,,,,,,,,,,,,,,,,,,,
,,,,,,,,,,,,,,,,,,,,,,,,,,,,,,,,,
2006,ENE,FEB,MAR,ABR,MAY,JUN,,TOTAL,,,,,,,,,,,,,,,,,,,,,,,,,
,123,131,149,114,146,111,,"1,480",,,,,,,,,,,,,,,,,,,,,,,,,
,JUL,AGO,SEP,OCT,NOV,DIC,,,,,,,,,,,,,,,,,,,,,,,,,,,
,115,97,94,143,159,98,,,,,,,,,,,,,,,,,,,,,,,,,,,
NOTA:  2004 - 2005  INCLUYE MOTOCICLETAS,,,,,,,,,,,,,,,,,,,,,,,,,,,,,,,,,
,,,,,TOTAL 2004-2006,,,3791,,,,,,,,,,,,,,,,,,,,,,,,,
,,,,,,,,,,,,,,,,,,,,,,,,,,,,,,,,,
2007,ENE,FEB,MAR,ABR,MAY,JUN,,TOTAL,,,,,,,,,,,,,,,,,,,,,,,,,
,89,113,100,94,107,94,,"1,182",,,,,,,,,,,,,,,,,,,,,,,,,
,JUL,AGO,SEP,OCT,NOV,DIC,,,,,,,,,,,,,,,,,,,,,,,,,,,
,107,94,90,93,100,101,,,,,,,,,,,,,,,,,,,,,,,,,,,
,,,,,,,,,,,,,,,,,,,,,,,,,,,,,,,,,
2008,ENE,FEB,MAR,ABR,MAY,JUN,,TOTAL,,,,,,,,,,,,,,,,,,,,,,,,,
,82,63,80,90,95,70,,"1,122",,,,,,,,,,,,,,,,,,,,,,,,,
,JUL,AGO,SEP,OCT,NOV,DIC,,,,,,,,,,,,,,,,,,,,,,,,,,,
,92,103,100,113,103,131,,,,,,,,,,,,,,,,,,,,,,,,,,,
,,,,,,,,,,,,,,,,,,,,,,,,,,,,,,,,,
2009,ENE,FEB,MAR,ABR,MAY,JUN,,TOTAL,,,,,,,,,,,,,,,,,,,,,,,,,
,95,100,109,103,110,104,,"1,299",,,,,,,,,,,,,,,,,,,,,,,,,
,JUL,AGO,SEP,OCT,NOV,DIC,,,,,,,,,,,,,,,,,,,,,,,,,,,
,129,125,120,130,68,106,,,,,,,,,,,,,,,,,,,,,,,,,,,
,,,,,,,,,,,,,,,,,,,,,,,,,,,,,,,,,
"FUENTE : JUZGADOS MUNICIPALES, CABINA DE TELECOMUNICACIONES DE LA D.G.S.P.Z.",,,,,,,,,,,,,,,,,,,,,,,,,,,,,,,,,
,,,,,,,,,,,,,,,,,,,,,,,,,,,,,,,,,
ROBO DE MOTOCICLETA,,,,,,,,,,,,,,,,,,,,,,,,,,,,,,,,,
2006,ENE,FEB,MAR,ABR,MAY,JUN,,TOTAL,,,,,,,,,,,,,,,,,,,,,,,,,
,11,6,5,8,8,7,,85,,,,,,,,,,,,,,,,,,,,,,,,,
,JUL,AGO,SEP,OCT,NOV,DIC,,,,,,,,,,,,,,,,,,,,,,,,,,,
,7,8,6,7,5,7,,,,,,,,,,,,,,,,,,,,,,,,,,,
,,,,,,,,,,,,,,,,,,,,,,,,,,,,,,,,,
,,,,,TOTAL 2004-2006,,,85,,,,,,,,,,,,,,,,,,,,,,,,,
,,,,,,,,,,,,,,,,,,,,,,,,,,,,,,,,,
2007,ENE,FEB,MAR,ABR,MAY,JUN,,TOTAL,,,,,,,,,,,,,,,,,,,,,,,,,
,3,8,3,1,2,2,,55,,,,,,,,,,,,,,,,,,,,,,,,,
,JUL,AGO,SEP,OCT,NOV,DIC,,,,,,,,,,,,,,,,,,,,,,,,,,,
,3,6,10,4,6,7,,,,,,,,,,,,,,,,,,,,,,,,,,,
,,,,,,,,,,,,,,,,,,,,,,,,,,,,,,,,,
2008,ENE,FEB,MAR,ABR,MAY,JUN,,TOTAL,,,,,,,,,,,,,,,,,,,,,,,,,
,2,9,6,6,5,4,,85,,,,,,,,,,,,,,,,,,,,,,,,,
,JUL,AGO,SEP,OCT,NOV,DIC,,,,,,,,,,,,,,,,,,,,,,,,,,,
,9,14,7,7,5,11,,,,,,,,,,,,,,,,,,,,,,,,,,,
,,,,,,,,,,,,,,,,,,,,,,,,,,,,,,,,,
2009,ENE,FEB,MAR,ABR,MAY,JUN,,TOTAL,,,,,,,,,,,,,,,,,,,,,,,,,
,8,2,6,7,3,7,,53,,,,,,,,,,,,,,,,,,,,,,,,,
,JUL,AGO,SEP,OCT,NOV,DIC,,,,,,,,,,,,,,,,,,,,,,,,,,,
,5,3,5,3,2,2,,,,,,,,,,,,,,,,,,,,,,,,,,,
,,,,,,,,,,,,,,,,,,,,,,,,,,,,,,,,,
ROBO CASA HABITACIÓN,,,,,,,,,,,,,,,,,,,,,,,,,,,,,,,,,
,,,,,,,,,,,,,,,,,,,,,,,,,,,,,,,,,
2001,ENE,FEB,MAR,ABR,MAY,JUN,,TOTAL,,,,,,,,,,,,,,,,,,,,,,,,,
,42,62,64,59,55,42,,666,,,,,,,,,,,,,,,,,,,,,,,,,
,JUL,AGO,SEP,OCT,NOV,DIC,,,,,,,,,,,,,,,,,,,,,,,,,,,
,45,45,57,75,64,56,,,,,,,,,,,,,,,,,,,,,,,,,,,
,,,,,,,,,,,,,,,,,,,,,,,,,,,,,,,,,
2002,ENE,FEB,MAR,ABR,MAY,JUN,,TOTAL,,,,,,,,,,,,,,,,,,,,,,,,,
,74,49,78,59,52,53,,736,,,,,,,,,,,,,,,,,,,,,,,,,
,JUL,AGO,SEP,OCT,NOV,DIC,,,,,,,,,,,,,,,,,,,,,,,,,,,
,61,65,54,52,70,69,,,,,,,,,,,,,,,,,,,,,,,,,,,
,,,,,,,,,,,,,,,,,,,,,,,,,,,,,,,,,
2003,ENE,FEB,MAR,ABR,MAY,JUN,,TOTAL,,,,,,,,,,,,,,,,,,,,,,,,,
,78,81,61,51,65,47,,802,,,,,,,,,,,,,,,,,,,,,,,,,
,JUL,AGO,SEP,OCT,NOV,DIC,,,,,,,,,,,,,,,,,,,,,,,,,,,
,54,70,63,72,82,78,,,,,,,,,,,,,,,,,,,,,,,,,,,
,,,,,,,,,,,,,,,,,,,,,,,,,,,,,,,,,
,,,,,TOTAL 2001-2003,,,2204,,,,,,,,,,,,,,,,,,,,,,,,,
,,,,,,,,,,,,,,,,,,,,,,,,,,,,,,,,,
2004,ENE,FEB,MAR,ABR,MAY,JUN,,TOTAL,,,,,,,,,,,,,,,,,,,,,,,,,
,54,46,53,47,46,36,,528,,,,,,,,,,,,,,,,,,,,,,,,,
,JUL,AGO,SEP,OCT,NOV,DIC,,,,,,,,,,,,,,,,,,,,,,,,,,,
,51,45,43,43,35,29,,,,,,,,,,,,,,,,,,,,,,,,,,,
,,,,,,,,,,,,,,,,,,,,,,,,,,,,,,,,,
2005,ENE,FEB,MAR,ABR,MAY,JUN,,TOTAL,,,,,,,,,,,,,,,,,,,,,,,,,
,62,54,45,29,37,34,,475,,,,,,,,,,,,,,,,,,,,,,,,,
,JUL,AGO,SEP,OCT,NOV,DIC,,,,,,,,,,,,,,,,,,,,,,,,,,,
,34,50,29,30,37,34,,,,,,,,,,,,,,,,,,,,,,,,,,,
,,,,,,,,,,,,,,,,,,,,,,,,,,,,,,,,,
2006,ENE,FEB,MAR,ABR,MAY,JUN,,TOTAL,,,,,,,,,,,,,,,,,,,,,,,,,
,58,45,70,44,84,67,,647,,,,,,,,,,,,,,,,,,,,,,,,,
,JUL,AGO,SEP,OCT,NOV,DIC,,,,,,,,,,,,,,,,,,,,,,,,,,,
,67,51,35,53,30,43,,,,,,,,,,,,,,,,,,,,,,,,,,,
,,,,,,,,,,,,,,,,,,,,,,,,,,,,,,,,,
,,,,,TOTAL 2004-2006,,,1650,,,,,,,,,,,,,,,,,,,,,,,,,
,,,,,,,,,,,,,,,,,,,,,,,,,,,,,,,,,
2007,ENE,FEB,MAR,ABR,MAY,JUN,,TOTAL,,,,,,,,,,,,,,,,,,,,,,,,,
,49,73,69,64,59,53,,512,,,,,,,,,,,,,,,,,,,,,,,,,
,JUL,AGO,SEP,OCT,NOV,DIC,,,,,,,,,,,,,,,,,,,,,,,,,,,
,33,20,17,27,23,25,,,,,,,,,,,,,,,,,,,,,,,,,,,
,,,,,,,,,,,,,,,,,,,,,,,,,,,,,,,,,
2008,ENE,FEB,MAR,ABR,MAY,JUN,,TOTAL,,,,,,,,,,,,,,,,,,,,,,,,,
,24,28,44,19,17,19,,285,,,,,,,,,,,,,,,,,,,,,,,,,
,JUL,AGO,SEP,OCT,NOV,DIC,,,,,,,,,,,,,,,,,,,,,,,,,,,
,31,22,26,23,17,15,,,,,,,,,,,,,,,,,,,,,,,,,,,
,,,,,,,,,,,,,,,,,,,,,,,,,,,,,,,,,
2009,ENE,FEB,MAR,ABR,MAY,JUN,,TOTAL,,,,,,,,,,,,,,,,,,,,,,,,,
,18,13,23,26,36,26,,307,,,,,,,,,,,,,,,,,,,,,,,,,
,JUL,AGO,SEP,OCT,NOV,DIC,,,,,,,,,,,,,,,,,,,,,,,,,,,
,25,27,29,20,24,40,,,,,,,,,,,,,,,,,,,,,,,,,,,
,,,,,,,,,,,,,,,,,,,,,,,,,,,,,,,,,
,,,,,,,,,,,,,,,,,,,,,,,,,,,,,,,,,
ROBO A PERSONA,,,,,,,,,,,,,,,,,,,,,,,,,,,,,,,,,
2001,ENE,FEB,MAR,ABR,MAY,JUN,,TOTAL,,,,,,,,,,,,,,,,,,,,,,,,,
,8,9,13,12,20,15,,255,,,,,,,,,,,,,,,,,,,,,,,,,
,JUL,AGO,SEP,OCT,NOV,DIC,,,,,,,,,,,,,,,,,,,,,,,,,,,
,22,26,25,24,37,44,,,,,,,,,,,,,,,,,,,,,,,,,,,
,,,,,,,,,,,,,,,,,,,,,,,,,,,,,,,,,
2002,ENE,FEB,MAR,ABR,MAY,JUN,,TOTAL,,,,,,,,,,,,,,,,,,,,,,,,,
,36,37,25,37,32,29,,378,,,,,,,,,,,,,,,,,,,,,,,,,
,JUL,AGO,SEP,OCT,NOV,DIC,,,,,,,,,,,,,,,,,,,,,,,,,,,
,29,28,28,31,34,32,,,,,,,,,,,,,,,,,,,,,,,,,,,
,,,,,,,,,,,,,,,,,,,,,,,,,,,,,,,,,
2003,ENE,FEB,MAR,ABR,MAY,JUN,,TOTAL,,,,,,,,,,,,,,,,,,,,,,,,,
,32,22,32,36,37,28,,397,,,,,,,,,,,,,,,,,,,,,,,,,
,JUL,AGO,SEP,OCT,NOV,DIC,,,,,,,,,,,,,,,,,,,,,,,,,,,
,29,46,44,38,34,19,,,,,,,,,,,,,,,,,,,,,,,,,,,
,,,,,,,,,,,,,,,,,,,,,,,,,,,,,,,,,
,,,,,TOTAL 2001-2003,,,1030,,,,,,,,,,,,,,,,,,,,,,,,,
,,,,,,,,,,,,,,,,,,,,,,,,,,,,,,,,,
2004,ENE,FEB,MAR,ABR,MAY,JUN,,TOTAL,,,,,,,,,,,,,,,,,,,,,,,,,
,12,27,37,22,33,28,,283,,,,,,,,,,,,,,,,,,,,,,,,,
,JUL,AGO,SEP,OCT,NOV,DIC,,,,,,,,,,,,,,,,,,,,,,,,,,,
,14,27,14,29,21,19,,,,,,,,,,,,,,,,,,,,,,,,,,,
,,,,,,,,,,,,,,,,,,,,,,,,,,,,,,,,,
2005,ENE,FEB,MAR,ABR,MAY,JUN,,TOTAL,,,,,,,,,,,,,,,,,,,,,,,,,
,18,10,22,18,19,22,,230,,,,,,,,,,,,,,,,,,,,,,,,,
,JUL,AGO,SEP,OCT,NOV,DIC,,,,,,,,,,,,,,,,,,,,,,,,,,,
,20,14,18,25,22,22,,,,,,,,,,,,,,,,,,,,,,,,,,,
,,,,,,,,,,,,,,,,,,,,,,,,,,,,,,,,,
2006,ENE,FEB,MAR,ABR,MAY,JUN,,TOTAL,,,,,,,,,,,,,,,,,,,,,,,,,
,24,23,42,43,33,24,,313,,,,,,,,,,,,,,,,,,,,,,,,,
,JUL,AGO,SEP,OCT,NOV,DIC,,,,,,,,,,,,,,,,,,,,,,,,,,,
,30,13,22,15,19,25,,,,,,,,,,,,,,,,,,,,,,,,,,,
,,,,,,,,,,,,,,,,,,,,,,,,,,,,,,,,,
,,,,,TOTAL 2004-2006,,,826,,,,,,,,,,,,,,,,,,,,,,,,,
,,,,,,,,,,,,,,,,,,,,,,,,,,,,,,,,,
2007,ENE,FEB,MAR,ABR,MAY,JUN,,TOTAL,,,,,,,,,,,,,,,,,,,,,,,,,
,28,37,30,31,34,27,,312,,,,,,,,,,,,,,,,,,,,,,,,,
,JUL,AGO,SEP,OCT,NOV,DIC,,,,,,,,,,,,,,,,,,,,,,,,,,,
,31,16,13,26,16,23,,,,,,,,,,,,,,,,,,,,,,,,,,,
,,,,,,,,,,,,,,,,,,,,,,,,,,,,,,,,,
2008,ENE,FEB,MAR,ABR,MAY,JUN,,TOTAL,,,,,,,,,,,,,,,,,,,,,,,,,
,21,17,25,29,39,26,,281,,,,,,,,,,,,,,,,,,,,,,,,,
,JUL,AGO,SEP,OCT,NOV,DIC,,,,,,,,,,,,,,,,,,,,,,,,,,,
,16,29,23,20,21,15,,,,,,,,,,,,,,,,,,,,,,,,,,,
,,,,,,,,,,,,,,,,,,,,,,,,,,,,,,,,,
2009,ENE,FEB,MAR,ABR,MAY,JUN,,TOTAL,,,,,,,,,,,,,,,,,,,,,,,,,
,23,25,33,32,22,22,,345,,,,,,,,,,,,,,,,,,,,,,,,,
,JUL,AGO,SEP,OCT,NOV,DIC,,,,,,,,,,,,,,,,,,,,,,,,,,,
,39,42,30,30,26,21,,,,,,,,,,,,,,,,,,,,,,,,,,,
,,,,,,,,,,,,,,,,,,,,,,,,,,,,,,,,,
,,,,,,,,,,,,,,,,,,,,,,,,,,,,,,,,,
,,,,,,,,,,,,,,,,,,,,,,,,,,,,,,,,,
"FUENTE : JUZGADOS MUNICIPALES, CABINA DE TELECOMUNICACIONES DE LA D.G.S.P.Z. Y PROCURADURIA GENERAL DE JUSTICIA DE JALISCO",,,,,,,,,,,,,,,,,,,,,,,,,,,,,,,,,
,,,,,,,,,,,,,,,,,,,,,,,,,,,,,,,,,
ROBO A NEGOCIO,,,,,,,,,,,,,,,,,,,,,,,,,,,,,,,,,
,,,,,,,,,,,,,,,,,,,,,,,,,,,,,,,,,
2001,ENE,FEB,MAR,ABR,MAY,JUN,,TOTAL,,,,,,,,,,,,,,,,,,,,,,,,,
,56,69,55,34,50,55,,643,,,,,,,,,,,,,,,,,,,,,,,,,
,JUL,AGO,SEP,OCT,NOV,DIC,,,,,,,,,,,,,,,,,,,,,,,,,,,
,42,52,58,56,55,61,,,,,,,,,,,,,,,,,,,,,,,,,,,
,,,,,,,,,,,,,,,,,,,,,,,,,,,,,,,,,
2002,ENE,FEB,MAR,ABR,MAY,JUN,,TOTAL,,,,,,,,,,,,,,,,,,,,,,,,,
,75,48,57,49,41,30,,721,,,,,,,,,,,,,,,,,,,,,,,,,
,JUL,AGO,SEP,OCT,NOV,DIC,,,,,,,,,,,,,,,,,,,,,,,,,,,
,69,71,66,68,69,78,,,,,,,,,,,,,,,,,,,,,,,,,,,
,,,,,,,,,,,,,,,,,,,,,,,,,,,,,,,,,
2003,ENE,FEB,MAR,ABR,MAY,JUN,,TOTAL,,,,,,,,,,,,,,,,,,,,,,,,,
,75,65,61,48,73,70,,806,,,,,,,,,,,,,,,,,,,,,,,,,
,JUL,AGO,SEP,OCT,NOV,DIC,,,,,,,,,,,,,,,,,,,,,,,,,,,
,64,67,73,70,69,71,,,,,,,,,,,,,,,,,,,,,,,,,,,
,,,,,,,,,,,,,,,,,,,,,,,,,,,,,,,,,
,,,,,TOTAL 2001-2003,,,2170,,,,,,,,,,,,,,,,,,,,,,,,,
,,,,,,,,,,,,,,,,,,,,,,,,,,,,,,,,,
2004,ENE,FEB,MAR,ABR,MAY,JUN,,TOTAL,,,,,,,,,,,,,,,,,,,,,,,,,
,34,32,35,32,38,32,,408,,,,,,,,,,,,,,,,,,,,,,,,,
,JUL,AGO,SEP,OCT,NOV,DIC,,,,,,,,,,,,,,,,,,,,,,,,,,,
,43,31,31,36,35,29,,,,,,,,,,,,,,,,,,,,,,,,,,,
,,,,,,,,,,,,,,,,,,,,,,,,,,,,,,,,,
2005,ENE,FEB,MAR,ABR,MAY,JUN,,TOTAL ,,,,,,,,,,,,,,,,,,,,,,,,,
,29,30,30,22,22,23,,306,,,,,,,,,,,,,,,,,,,,,,,,,
,JUL,AGO,SEP,OCT,NOV,DIC,,,,,,,,,,,,,,,,,,,,,,,,,,,
,18,41,28,21,21,21,,,,,,,,,,,,,,,,,,,,,,,,,,,
,,,,,,,,,,,,,,,,,,,,,,,,,,,,,,,,,
2006,ENE,FEB,MAR,ABR,MAY,JUN,,TOTAL ,,,,,,,,,,,,,,,,,,,,,,,,,
,30,49,52,32,36,26,,386,,,,,,,,,,,,,,,,,,,,,,,,,
,JUL,AGO,SEP,OCT,NOV,DIC,,,,,,,,,,,,,,,,,,,,,,,,,,,
,20,20,21,33,36,31,,,,,,,,,,,,,,,,,,,,,,,,,,,
,,,,,,,,,,,,,,,,,,,,,,,,,,,,,,,,,
,,,,,TOTAL 2004-2006,,,1100,,,,,,,,,,,,,,,,,,,,,,,,,
,,,,,,,,,,,,,,,,,,,,,,,,,,,,,,,,,
2007,ENE,FEB,MAR,ABR,MAY,JUN,,TOTAL ,,,,,,,,,,,,,,,,,,,,,,,,,
,36,59,45,40,44,36,,412,,,,,,,,,,,,,,,,,,,,,,,,,
,JUL,AGO,SEP,OCT,NOV,DIC,,,,,,,,,,,,,,,,,,,,,,,,,,,
,37,27,22,27,13,26,,,,,,,,,,,,,,,,,,,,,,,,,,,
,,,,,,,,,,,,,,,,,,,,,,,,,,,,,,,,,
2008,ENE,FEB,MAR,ABR,MAY,JUN,,TOTAL ,,,,,,,,,,,,,,,,,,,,,,,,,
,35,20,13,20,31,13,,235,,,,,,,,,,,,,,,,,,,,,,,,,
,JUL,AGO,SEP,OCT,NOV,DIC,,,,,,,,,,,,,,,,,,,,,,,,,,,
,23,22,18,5,18,17,,,,,,,,,,,,,,,,,,,,,,,,,,,
,,,,,,,,,,,,,,,,,,,,,,,,,,,,,,,,,
2009,ENE,FEB,MAR,ABR,MAY,JUN,,TOTAL ,,,,,,,,,,,,,,,,,,,,,,,,,
,15,24,35,24,17,23,,285,,,,,,,,,,,,,,,,,,,,,,,,,
,JUL,AGO,SEP,OCT,NOV,DIC,,,,,,,,,,,,,,,,,,,,,,,,,,,
,24,25,29,27,17,25,,,,,,,,,,,,,,,,,,,,,,,,,,,
,,,,,,,,,,,,,,,,,,,,,,,,,,,,,,,,,
,,,,,,,,,,,,,,,,,,,,,,,,,,,,,,,,,
ROBO A NEGOCIO DE AUTOSERVICIO,,,,,,,,,,,,,,,,,,,,,,,,,,,,,,,,,
,,,,,,,,,,,,,,,,,,,,,,,,,,,,,,,,,
2004,ENE,FEB,MAR,ABR,MAY,JUN,,TOTAL ,,,,,,,,,,,,,,,,,,,,,,,,,
,32,26,41,24,27,27,,327,,,,,,,,,,,,,,,,,,,,,,,,,
,JUL,AGO,SEP,OCT,NOV,DIC,,,,,,,,,,,,,,,,,,,,,,,,,,,
,23,24,25,24,32,22,,,,,,,,,,,,,,,,,,,,,,,,,,,
,,,,,,,,,,,,,,,,,,,,,,,,,,,,,,,,,
2005,ENE,FEB,MAR,ABR,MAY,JUN,,TOTAL,,,,,,,,,,,,,,,,,,,,,,,,,
,32,36,28,21,19,26,,312,,,,,,,,,,,,,,,,,,,,,,,,,
,JUL,AGO,SEP,OCT,NOV,DIC,,,,,,,,,,,,,,,,,,,,,,,,,,,
,17,26,32,27,20,28,,,,,,,,,,,,,,,,,,,,,,,,,,,
,,,,,,,,,,,,,,,,,,,,,,,,,,,,,,,,,
2006,ENE,FEB,MAR,ABR,MAY,JUN,,TOTAL,,,,,,,,,,,,,,,,,,,,,,,,,
,23,32,25,33,35,26,,315,,,,,,,,,,,,,,,,,,,,,,,,,
,JUL,AGO,SEP,OCT,NOV,DIC,,,,,,,,,,,,,,,,,,,,,,,,,,,
,19,21,31,25,17,28,,,,,,,,,,,,,,,,,,,,,,,,,,,
,,,,,,,,,,,,,,,,,,,,,,,,,,,,,,,,,
,,,,,TOTAL 2004-2006,,,954,,,,,,,,,,,,,,,,,,,,,,,,,
,,,,,,,,,,,,,,,,,,,,,,,,,,,,,,,,,
2007,ENE,FEB,MAR,ABR,MAY,JUN,,TOTAL,,,,,,,,,,,,,,,,,,,,,,,,,
,19,33,32,33,25,25,,373,,,,,,,,,,,,,,,,,,,,,,,,,
,JUL,AGO,SEP,OCT,NOV,DIC,,,,,,,,,,,,,,,,,,,,,,,,,,,
,35,37,29,41,26,38,,,,,,,,,,,,,,,,,,,,,,,,,,,
,,,,,,,,,,,,,,,,,,,,,,,,,,,,,,,,,
2008,ENE,FEB,MAR,ABR,MAY,JUN,,TOTAL,,,,,,,,,,,,,,,,,,,,,,,,,
,23,27,24,23,21,28,,299,,,,,,,,,,,,,,,,,,,,,,,,,
,JUL,AGO,SEP,OCT,NOV,DIC,,,,,,,,,,,,,,,,,,,,,,,,,,,
,21,27,18,31,28,28,,,,,,,,,,,,,,,,,,,,,,,,,,,
,,,,,,,,,,,,,,,,,,,,,,,,,,,,,,,,,
2009,ENE,FEB,MAR,ABR,MAY,JUN,,TOTAL,,,,,,,,,,,,,,,,,,,,,,,,,
,27,29,40,33,31,41,,380,,,,,,,,,,,,,,,,,,,,,,,,,
,JUL,AGO,SEP,OCT,NOV,DIC,,,,,,,,,,,,,,,,,,,,,,,,,,,
,30,23,38,31,32,25,,,,,,,,,,,,,,,,,,,,,,,,,,,