Infraestructura de Salud,,,,,,,,
Unidad,Nombre Unidad,Zona Coplademun,Nombre,Ubicación,Tipo,Descripción Tipo,Clase,Descripción Clase
1,12 de diciembre,7,Dispensario Médico,"San Silvestre No. 1, entre Volcán Quinceo y San Martín, en la Capilla.",3,Consultorio,2,Privado
2,27 de Septiembre,1B,"Hospital "" El Refugio"" A.C.","Venustiano Carranza No. 1230-A, Tel. 36-60-39-64",2,Clínica,2,Privado
3,"Abetos, Los",1B,Inexistente,,99,NINGUNO,99,NINGUNO
7,Agua Blanca Poblado,8,Consultorio médico Dr. Ramírez Segura,Guadalupe Gallo 99,3,Consultorio,2,Privado
7,Agua Blanca Poblado,8,Consultorio dental Dr. Sergio Fernández ,Reforma 1616,3,Consultorio,2,Privado
10,Agua Fría,2A,-Inexistente-,,99,NINGUNO,99,NINGUNO
11,"Águilas, Las",6,Médico Dermatólogo,"Río Tomatlán No. 1127, Tel. 36314914",3,Consultorio,2,Privado
12,"Agujas, Las",RS,-Inexistente-,,99,NINGUNO,99,NINGUNO
14,"Alameda, La",6,- Inexistente -,,99,NINGUNO,99,NINGUNO
15,"Alamitos, Los",3,Inexistente,,99,NINGUNO,99,NINGUNO
17,Altamira,1A,"Clínica ""Serenidad""","Altamira Nº 640, Tel. 36338775.",2,Clínica,2,Privado
17,Altamira,1A,Centro Oftalmológico de Guadalajara S.A. de C.V.,"Av. Américas Nº 1200, Tel. 38337373 y 37337374,",2,Clínica,2,Privado
17,Altamira,1A,Médico Psiquiatra,"Altamira Nº 640, Tel. 36338775 y 33426904, Dr. Fernando Cortés.",3,Consultorio,2,Privado
17,Altamira,1A,Médico Dermatólogo,"América Nº 580 Int. 1, Tel. 36332900 y 36337404. ",3,Consultorio,2,Privado
19,Arboledas,6,Núcleo Médico Carnero,Av. Carnero No. 5385,2,Clínica,2,Privado
19,Arboledas,6,Médica Sur,Carnero y Copérnico,2,Clínica,2,Privado
19,Arboledas,6,Torre Italis Medical,"Copérnico No. 3817, Tel. 38840120",2,Clínica,2,Privado
19,Arboledas,6,Unidad Materno Infantil,"Copérnico No. 3685, Tel. 36321557",2,Clínica,2,Privado
19,Arboledas,6,Médica Koppernisk,Copérnico No. 3912,2,Clínica,2,Privado
19,Arboledas,6,Medic Care,Claudio Ptolomeo No. 2916,2,Clínica,2,Privado
19,Arboledas,6,Clínica Galileo,"Virgen Nº 5586 y Galileo Galilei, Tel. 31338609 y 35879666.",2,Clínica,2,Privado
19,Arboledas,6,"Especializaciones Médicas ""Arboledas""","Nicolás Copérnico Nº 5590, Tel. 36340043, 36345280",2,Clínica,2,Privado
19,Arboledas,6,Clínica San Pablo,Carnero y Pez Austral,2,Clínica,2,Privado
19,Arboledas,6,Cirugía Estética y Reconstructiva,"Av. Nicolás Copernico Nº 3971, Tel. 36320055 y 33433571",2,Clínica,2,Privado
19,Arboledas,6,Médico Pediatra,"Nicolás Copernico Nº 3912, Tel. 36317380 y 36314691, Dr. Ernesto Gómez Hernández.",3,Consultorio,2,Privado
19,Arboledas,6,Médico Urólogo,"Nicolás Copérnico Nº 3912, Tel. 36317380 y 36314691, Dr. Ernesto Gómez Hernández",3,Consultorio,2,Privado
19,Arboledas,6,"Médico Ginecólogo, Ultrasonido 4d","Nicolás Copérnico Nº 4000, Tel. 36313051",3,Consultorio,2,Privado
19,Arboledas,6,Médico  Alergólogos,"Nicolás Copernico Nº 3912 l.8, Tel. 36137380, Dra. Rosalía Vargas Rodríguez",3,Consultorio,2,Privado
19,Arboledas,6,Núcleo de Diagnóstico,Copérnico No. 4089,3,Consultorio,2,Privado
19,Arboledas,6,Hospital Arboledas,"Av. Nicolás Copérnico Nº 4000, Tel. 36313051 y 36314450",5,Hospital,2,Privado
19,Arboledas,6,Hospital Galileo,"Galileo Galilei, Tel. 35879666",5,Hospital,2,Privado
20,Arcos de Guadalupe,5A,Consultorios Médicos Arcos de Guadalupe,"Agrónomo No. 5474, Tel. 31251244",2,Clínica,2,Privado
20,Arcos de Guadalupe,5A,Dra. Mercees Irene Briseño Félix,Rafael Sanzio No. 581 esq. Comerciantes,3,Consultorio,2,Privado
21,Arcos de Zapopan,3,Médico Homeópata,"Arco de la Estrella Nº 25, Tel. 36561232, Dra. Claudia M. Vera Tavares.",3,Consultorio,2,Privado
22,Arenales Tapatíos ,7,Centro de salud,Bario y Pirita,,Desconocido,,Desconocido
22,Arenales Tapatíos ,7,Clínica La Esperanza,"Paseo Primavera No. 101-B, Tel. 10286762",2,Clínica,2,Privado
22,Arenales Tapatíos ,7,Farmacia G.I. con servicio de consultorio,Tel. 31806080 y 10288894,3,Consultorio,2,Privado
24,Arroyo Hondo 2da. Sección,2B,Consultorio Medico y Dental,Guadalupe Victoria # 140 - A,3,Consultorio,1,Público
25,Atemajac del Valle,1B,-Inexistente-,,99,NINGUNO,99,NINGUNO
27,Atlas Chapalita,5A,Inexistente,,99,NINGUNO,99,NINGUNO
28,"Aurora, La",1B,-Inexistente-,,99,NINGUNO,99,NINGUNO
29,Aves del Paraíso,1A,-Inexistente-,,99,NINGUNO,99,NINGUNO
30,Azaleas Residencial,8,Inexistente,,99,NINGUNO,99,NINGUNO
31,"Bajío, El",RS,- Inexistente -,,99,NINGUNO,99,NINGUNO
32,Balcones de la Cantera,2A,Centro de Salud Balcones de la Cantera,Privada Diamantes Nº 25,1,Centro de Salud,1,Público
34,Balcones del Sol (ó Balcones del Colli),7,- Inexistente -,,99,NINGUNO,99,NINGUNO
36,"Batán, El",1B,"Unidad Médico Quirúrgica ""El Batán""","Zacatecas Nº 211, Tel. 36602636 y 38615007",2,Clínica,2,Privado
38,Benito Juárez,2B,"Centro de Salud, Benito Juárez","Privada Pilar Presa s/n, Jesús J. Martínez",1,Centro de Salud,1,Público
39,Benito Juárez Auditorio,2A,-Inexistente-,,99,NINGUNO,99,NINGUNO
40,"Borrego, El",5-A,Inexistente,,,Desconocido,,Desconocido
41,"Bóvedas, Las",4,"Centro de Salud "" Santa Margarita""",Av. Acueducto y San Pedro ,1,Centro de Salud,1,Público
43,Bosques de Zapopan,3,Ángel Leaño ,Av. A. Leaño ,5,Hospital,2,Privado
45,Brisas de la Primavera,7,Inexistente,,99,NINGUNO,99,NINGUNO
46,"Briseño, El",8,"Centro de Salud ""El Briseño""",Mexicas Nº 4,1,Centro de Salud,1,Público
46,"Briseño, El",8,"Clínica ""Nuestra Señora de Guadalupe""","Av. Las Torres Nº 31, Tel. 36844341 y 36848136.",2,Clínica,2,Privado
47,Bugambilias,8,Consultorio Medico Privado,Belizario Dominguez # 1480,,Desconocido,,Desconocido
47,Bugambilias,8,Consultorio Medico Genericos ,Belizario Dominguez # 1349 Tel. 13689323,,Desconocido,1,Público
47,Bugambilias,8,San Miguel Arcanel,Javier Mina # 2415 Tel. 31803347 y 31807499,,Desconocido,2,Privado
48,"Cabañitas, Las",1B,-Inexistente-,,99,NINGUNO,99,NINGUNO
49,"Cajetes, Los",8,Centro de Salud Los Cajetes,Las Torres S/N,1,Centro de Salud,1,Público
50,Callejón del Parque,5B,- Inexistente -,,99,NINGUNO,99,NINGUNO
51,"Calma, La",6,Médico Homeópata,"Adolfo López Mateos Sur Nº 4165-13, Tel. 36324898, Dr. David Fragoso Zarate",3,Consultorio,2,Privado
51,"Calma, La",6,Médico Otorrinolaringólogo,"Pegaso Nº 3585, Tel. 36321820 y 36346155, Dr. Jorge Glicerio González.",3,Consultorio,2,Privado
51,"Calma, La",6,Médico Ginecólogo,"Sagitario Nº 3725, Tel. 36312995, Dr. Guillermo Minakata Ochoa",3,Consultorio,2,Privado
51,"Calma, La",6,Médico Urólogo,"Pegaso Nº 3585, Tel. 36346155, Dr. Federico Minakata Ochoa.",3,Consultorio,2,Privado
51,"Calma, La",6,Cruz Verde Las Águilas,"Cruz del Sur No. 3535, Tel. 31344800 ext. 3954 y 3953. Tel. 36319471",5,Hospital,1,Público
52,"Camichín, El",8,- Inexistente -,,99,NINGUNO,99,NINGUNO
54,Camino Real,5A,"Enfermedades de la Mujer, Dra. Ma. Guadalupe Zavala",Santa Teresa de Jesús No. 545,3,Consultorio,2,Privado
54,Camino Real,5A,"Médico Ortopedista ""Dicar Medical""","Calle del Carmen Nº 492-2, Tel. 36474195,",3,Consultorio,2,Privado
54,Camino Real,5A,Médico Militar,"Santa Teresa de Jesús No. 609, Tel. 31211890",3,Consultorio,2,Privado
56,Campestre Las Palomas,RS,- Inexistente -,,99,NINGUNO,99,NINGUNO
58,"Canteros, Los",2B,-Inexistente-,,99,NINGUNO,99,NINGUNO
60,"Capullo, El",1B,"Hospital del ISSSTE ""Valentín Gómez Farias""","Av . La Soledad Nº 203 esq. Ávila Camacho, Tel. 38360650 y 38360660",5,Hospital,1,Público
61,Carlos Rivera Aceves,7,- Inexistente -,,99,NINGUNO,99,NINGUNO
62,"Carrizal, El",1B,Dispensario Médico UAG,Hidalgo S/N,2,Clínica,2,Privado
63,"Casita, La",4,-inexistente-,,99,NINGUNO,,Desconocido
64,"Centinela, El (ó Colinas del Centinela)",3,- Inexistente -,,99,NINGUNO,99,NINGUNO
65,Centro (Cabecera),1A,"Unidad Médica Familiar Nº 53, IMSS","Av. Laureles (esquina Hidalgo), Tel. 36565632, 36564887 y 36564615, Dir.José Francisco Luna Berumen",2,Clínica,1,Público
65,Centro (Cabecera),1A,Nucleo Odontólogico Escobar,"López Cotilla N° 48, www.nucleoescobar.com",3,Consultorio,2,Privado
65,Centro (Cabecera),1A,Psiquiatría,"Hidalgo N° 638-B, tel. 36330754",3,Consultorio,2,Privado
65,Centro (Cabecera),1A,Dentista,20 de noviembre N° 263,3,Consultorio,2,Privado
65,Centro (Cabecera),1A,Odontopediatra,Laureles N° 210-A,3,Consultorio,2,Privado
65,Centro (Cabecera),1A,Médico Psiquiatra,"20 de noviembre Nº 272, Tel. 38335814, Dr. Jorge Saucedo Pérez.",3,Consultorio,2,Privado
65,Centro (Cabecera),1A,Médico Oculista,"Juárez Nº 185-A, Tel. 36569370, Dr. Raúl Busto Zermeno",3,Consultorio,2,Privado
65,Centro (Cabecera),1A,Hospital General de Zapopan,"Colón Nº 289, 3633 0929, 3633 0228 Y 3633 0352",5,Hospital,1,Público
65,Centro (Cabecera),1A,Clínica Sta. María de Guadalupe,"Libertad N° 265, Tel. 36331301",5,Hospital,2,Privado
66,"Cerritos, Los",RN,-Inexistente-,,99,NINGUNO,99,NINGUNO
67,Cerro de la Higuera,2B,-Inexistente-,,99,NINGUNO,99,NINGUNO
68,Chapalita de Occidente,5A,Clínica de Microcirugía de Catarata,"Av. Guadalupe No. 5040, Tel. 35874772",2,Clínica,2,Privado
68,Chapalita de Occidente,5A,Hospital Paseo de la Victoria,"Av. Guadalupe S/N, Tel. 36200200",5,Hospital,2,Privado
69,Chapalita Las Fuentes,5A,- Inexistente -,,99,NINGUNO,99,NINGUNO
70,Chapalita Oriente,5A,Laboratorio Clínico,Niño Obrero 716,,Desconocido,2,Privado
70,Chapalita Oriente,5A,Patología Especializada Laboratorio,Niño Obrero 1538,,Desconocido,2,Privado
70,Chapalita Oriente,5A,Unidad de Patología Clínica,Niño Obrero 998,,Desconocido,2,Privado
70,Chapalita Oriente,5A,Laboratorio Clínico,Niño Obrero 1558,,Desconocido,2,Privado
70,Chapalita Oriente,5A,Diagnóstico Médico,Tepeyac Tel. 31213413,3,Consultorio,2,Privado
71,Chapalita Inn,5A,Cínica del IMSS Nº 178,"Av. Guadalupe Nº 6215, Tel. 10021201 y 10021200, Dir. Irma Leticia Sánchez Escobedo.",1,Centro de Salud,1,Público
71,Chapalita Inn,5A,Especialidades Médicas,"Av. Misión San Lorenzo Nº 538, Tel. 36154434.",2,Clínica,2,Privado
71,Chapalita Inn,5A,Hospital de Especialidades IMSS/Privado,"Av. Misión San Lorenzo Nº 538, Tel. 33344333 y 31370607, Dr. José Luís Lupercio Medina .",5,Hospital,2,Privado
72,Chapalita Sur,6,Análisis Clínicos,Tepeyac y Av. de las Rosas,,Desconocido,2,Privado
72,Chapalita Sur,6,"Centro de Patología Clínica ""Chapo""",Niño obrero 482,2,Clínica,2,Privado
72,Chapalita Sur,6,Médico Otorrinolaringólogo,"De las Rosas M. 73, Tel. 31222737, Dr. Juan Carlos Mendoza López",3,Consultorio,2,Privado
75,"Ciudad de los Niños, Fraccionamiento",5A,Endermalogie,Tepeyac 4228 y Santa Teresa Tel. 31220009,2,Clínica,2,Privado
75,"Ciudad de los Niños, Fraccionamiento",5A,Especialidades de Occidente,"Niño Obrero Nº 1052, Tel. 36474344",2,Clínica,2,Privado
75,"Ciudad de los Niños, Fraccionamiento",5A,Ginecología y Obstetricia,"Av. Guadalupe No. 4083-A, Tel. 36474077",3,Consultorio,2,Privado
75,"Ciudad de los Niños, Fraccionamiento",5A,Médico Endocrinólogo,"Niño Obrero Nº 850, Tel. 31214273 y 31222899, Dr. Roberto Martínez Martínez",3,Consultorio,2,Privado
75,"Ciudad de los Niños, Fraccionamiento",5A,Médico Cardiólogo,"Av. Niño Obrero Nº 846, Tel. 31211920 y 31211704, Dr Narciso de la Torre Jiménez",3,Consultorio,2,Privado
75,"Ciudad de los Niños, Fraccionamiento",5A,Unidad Médica,"Niño Obrero Nº 850 (entre Av. Guadalupe y San Diego), Tel. 36472389",3,Consultorio,2,Privado
75,"Ciudad de los Niños, Fraccionamiento",5A,Médico Pediatra,"Niño Obrero Nº 850, Tel. 31214273 y 31222899, Dr. Roberto Martínez y Martínez.",3,Consultorio,2,Privado
76,Ciudad del Sol,6,Médico Homeópata,"Aztlán Nº 255, Tel. 31226170, Dr. José Luís Arias García",3,Consultorio,2,Privado
76,Ciudad del Sol,6,Médico Psiquiatra,"Tezozomoc, Nº 249, Tel. 31228934, Dra. Ma. De los Ángeles Flores Barocio.",3,Consultorio,2,Privado
78,Ciudad Granja,5B,Centro de Salud Ciudad Granja,Paraísos Nº 1000,1,Centro de Salud,1,Público
78,Ciudad Granja,5B,Centro Médico Ciudad Granja,Av. Central 86,2,Clínica,2,Privado
78,Ciudad Granja,5B,"Urgencias Día y Noche ""Dr. Daniel del Aguila Cavallier""","Calzada Norte y Av. Central, tel. 36274421",2,Clínica,2,Privado
78,Ciudad Granja,5B,Ortíz Productos Médicos Ortopédicos y de Rehabilitación,"Av. Vallarta Nº 7233, Tel. 36270504 y 36270835",3,Consultorio,2,Privado
78,Ciudad Granja,5B,"Médicos Ortopédistas, Health Group Industrias de México S.A. de C.V","Vallarta Nº 7233-1, Tel. 36272291",3,Consultorio,2,Privado
80,Colegio del Aire,4,- Inexistente -,,99,NINGUNO,99,NINGUNO
81,Colinas de Atemajac,1B,-Inexistente-,,99,NINGUNO,99,NINGUNO
82,Colinas de las Águilas,6,- Inexistente -,,99,NINGUNO,99,NINGUNO
83,Colinas de la Primavera,7,"Centro de Salud ""Lomas de la Primavera""",Miguel de la Madrid y Noche Buena,1,Centro de Salud,1,Público
83,Colinas de la Primavera,7,Centro de Intervención Comunitaria Univa,Flor de Jamaica y Chapala,3,Consultorio,1,Público
85,Colinas de los Robles,3,- Inexistente -,,99,NINGUNO,99,NINGUNO
86,Colinas de San Javier,5B,-Inexistente-,,99,NINGUNO,99,NINGUNO
87,Colinas de Tabachines,1B,-Inexistente-,,99,NINGUNO,99,NINGUNO
90,Colinas del Río Blanco,3,- Inexistente -,,99,NINGUNO,99,NINGUNO
91,Colli CTM,6,Programa de Medicina en la Comunidad (De la UAG),"Moctezuma no. 5235, y Cordilleras",3,Consultorio,1,Público
93,Colli Primavera,7,- Inexistente -,,99,NINGUNO,99,NINGUNO
95,Colli Poblado (ó Colli Ejidal),6,- Inexistente -,,99,NINGUNO,99,NINGUNO
96,Colli Sitio,5A,Inexistente,,99,NINGUNO,,Desconocido
97,Colli Urbano ,6,Centro de Salud El Colli,Volcán Barú y Popocatépetl,1,Centro de Salud,1,Público
97,Colli Urbano ,6,Unidad Médica Familiar El Colli,"Volcán Ceboruco No. 2157, Tel. 36288645",3,Consultorio,2,Privado
103,Conjunto Laureles,1B,-Inexistente-,,99,NINGUNO,99,NINGUNO
105,Conjunto Ritz,1B,-Inexistente-,,99,NINGUNO,99,NINGUNO
106,Conjunto San Gilberto,1B,-Inexistente-,,99,NINGUNO,99,NINGUNO
107,Conjunto Zapopan,1B,Inexistente,,99,NINGUNO,99,NINGUNO
108,Constitución,1B,Sanatorio Maternidad del Ángel,"Av. Venustiano Carranza Nº 824 (casi esq. Av. San Jorge), Tel. 36332355 y 38334565",2,Clínica,2,Privado
109,Constituyentes,1B,Cruz Verde Federalismo,Federalismo y Tratado de Tlatelolco,2,Clínica,1,Público
109,Constituyentes,1B,Módulo de Servicios Médicos de la UAG,"Casa Club Rotarios de Guadalajara en Zapopan, Luis G. Monzón No. 432",3,Consultorio,2,Privado
112,"Coronilla, La",2B,-Inexistente-,,99,NINGUNO,99,NINGUNO
113,Coronilla del Ocote,RS,- Inexistente -,,99,NINGUNO,99,NINGUNO
115,División Del Norte,2A,-Inexistente-,,99,NINGUNO,99,NINGUNO
117,Don Bosco Vallarta,5A,"Clínica ""Estilos del Sol S.A. de C.V.""","Vallarta Nº 3959, Local 4, Tel. 31224501.",2,Clínica,2,Privado
118,Ecológica Seattle,1B,-Inexistente-,,99,NINGUNO,99,NINGUNO
119,Ejido Copalita,RN,Casa de Salud Rural Ejido Copalita,Calle Emiliano Zapata casi esq. con Flamingos,4,Casa de Salud,1,Público
120,Ejido Zapopan,?,-Inexistente-,,99,NINGUNO,99,NINGUNO
121,Emiliano Zapata,2A,-Inexistente-,,99,NINGUNO,99,NINGUNO
122,"Estancia, La",5A,Unidad de Patologìa Clinica,Ludwing Van Beethoven 52229,2,Clínica,2,Privado
122,"Estancia, La",5A,Dental Family,Ludwig Van Beethoven 5496,2,Clínica,2,Privado
122,"Estancia, La",5A,Clínica Médica Renacer (Brinda tratamiento de rehabilitación de adicciones),"Beethoven Nº 5091, Tel. 36291100 y 36296183, Dir. Dr. Amilcar Váldez Jiménez.",2,Clínica,2,Privado
122,"Estancia, La",5A,Clínica Reductivas Melo S.A. de C.V.,"Av. Patria Nº 306-8, Tel. 36734199.",2,Clínica,2,Privado
122,"Estancia, La",5A,Laboratorio Medico del Chopo,Ludwing Van Beethoven 5502 Tel. 36735733,2,Clínica,2,Privado
122,"Estancia, La",5A,Unidad de Oculoplastia,Ludwing Van Beethoven 5043 36294236,2,Clínica,2,Privado
122,"Estancia, La",5A,Dental Integral ,Johann Sebastian Bach 5378,2,Clínica,2,Privado
122,"Estancia, La",5A,Da Vinci,Johann Sebastian Bach 5681,2,Clínica,2,Privado
124,Eucalipto Vallarta,5A,- Inexistente -,,99,NINGUNO,99,NINGUNO
125,Exitmex,5A,Unidad Médica Familiar 178 del IMSS,"Av. Guadalupe 6125, esq. Tchaicovski",2,Clínica,1,Público
126,Exhacienda del Lazo,RN,- Inexistente -,,99,NINGUNO,99,NINGUNO
127,"Experiencia, la",2B,Unidad Médica Familiar Nº 8 IMSS,"Av. Imperio Sur Nº 18 (Cruza con Baeza Alzaga), Tel. 36604653 y 36604653, Dir.Ramón Flores Manriquez",1,Centro de Salud,1,Público
128,"Flores, Las",5A,"Pediatra Neonato ""Dra. Lourdes Lemus""",Niño obrero No. 508,3,Consultorio,2,Privado
128,"Flores, Las",5A,"Cirujano dentista ""Dr. Herrera""","Niño obrero No. 506, Tel. 36472731",3,Consultorio,2,Privado
129,"Floresta del Colli, La",7,- Inexistente -,,99,NINGUNO,99,NINGUNO
130,"Florida, La",8,- Inexistente -,,99,NINGUNO,99,NINGUNO
132,"Fortines, Los",7,- Inexistente -,,99,NINGUNO,99,NINGUNO
133,"Bosques del Centinela, Fraccionamiento",2A,- Inexistente -,,99,NINGUNO,99,NINGUNO
134,"Cristal, Fraccionamiento",8,Inexistente,,99,NINGUNO,,Desconocido
136,"Los Paraísos, Fraccionamiento",1B,-Inexistente-,,99,NINGUNO,99,NINGUNO
137,Francisco Sarabia,8,Centro de Salud Francisco Sarabia,Anastacio Bustamante esq. López Portillo.,1,Centro de Salud,1,Público
139,Francisco Villa (antes villa de Torremolinos),3,-inexistente-,,99,NINGUNO,,Desconocido
140,"Fresno, El",4,- Inexistente -,,99,NINGUNO,99,NINGUNO
141,"Fuentes, Las",6,Médico Homeópata,"Circunvalación Nº 98, Tel. 39156536.",3,Consultorio,2,Privado
143,"Giralda, la",6,- Inexistente -,,99,NINGUNO,99,NINGUNO
146,"Gloria, La",5A,- Inexistente -,,99,NINGUNO,99,NINGUNO
147,González Ortega,1B,-Inexistente-,,99,NINGUNO,99,NINGUNO
148,"Grana, La",3,- Inexistente -,,99,NINGUNO,99,NINGUNO
149,Guadalajarita (ó Club Atlas),1A,Inexistente,,99,NINGUNO,99,NINGUNO
150,Guadalupe Jardín,5A,- Inexistente -,,99,NINGUNO,99,NINGUNO
151,"Guayabos, Comunidad Ecológica, Los",2A,- Inexistente -,,99,NINGUNO,99,NINGUNO
152,Gusa,1B,-Inexistente-,,99,NINGUNO,99,NINGUNO
153,Haciendas de las Lomas,5B,- Inexistente -,,99,NINGUNO,99,NINGUNO
154,Hacienda de Tepeyac I,6,- Inexistente -,,99,NINGUNO,99,NINGUNO
155,Hacienda de Tepeyac II,6,- Inexistente -,,99,NINGUNO,99,NINGUNO
159,"Haciendita, La",8,- Inexistente -,,99,NINGUNO,99,NINGUNO
160,Heroes Nacionales,4,Sin datos,,99,NINGUNO,99,NINGUNO
161,"Higuera, La",2B,-Inexistente-,,99,NINGUNO,99,NINGUNO
162,Hogares de Atemajac,2A,-Inexistente-,,99,NINGUNO,99,NINGUNO
163,Hogares,2B,Clínica del Norte,"Guadalajara 4632, Tel. 36720681",2,Clínica,2,Privado
164,Hogares de Nuevo México,3,Centro de Salud Hogares de Nuevo México,Guadalajara 2955,1,Centro de Salud,1,Público
165,Hogares del Batán,1B,-Inexistente-,,99,NINGUNO,99,NINGUNO
167,Huaxtla,RN,"Casa de salud rural ""Huaxtla""",Domicilio conocido,4,Casa de Salud,1,Público
168,"Huerta, La",1B,-Inexistente-,,99,NINGUNO,99,NINGUNO
169,"Húmedo de Nextipac, El",RS,- Inexistente -,,99,NINGUNO,99,NINGUNO
170,Indígena de Mezquitán ,2B,Centro de salud,Josefa Ortíz de Dominguez Nº 2,1,Centro de Salud,1,Público
171,Indígena de San Juan Ocotán,4,- Inexistente -,,99,NINGUNO,99,NINGUNO
175,Ixcatán Poblado,RN,Centro de Salud Ixcatán,Calle Morelos Nº 24. ,1,Centro de Salud,1,Público
178,Jardines de San Ignacio,5A,"SEEMAX ""Centro de Laser y Cirugía""",San Ignacio N° 140,2,Clínica,2,Privado
178,Jardines de San Ignacio,5A,Centro Integral de Cirugia Plástica,"Av. Lázaro Cárdenas Nº. 3664, Tel. 36475098 y 31230963, Dr. Victor E. Vallejo Meza.",2,Clínica,2,Privado
178,Jardines de San Ignacio,5A,Unidad Fisiocoterapia musculo,José Ma. Robles N| 830,2,Clínica,2,Privado
178,Jardines de San Ignacio,5A,Médico Gastroenterólogo,"José María Robles Nº 792, Tel. 36477251, Dr. Antonio Orozco Gamiz.",3,Consultorio,2,Privado
178,Jardines de San Ignacio,5A,Santa Maria Chapalita,"Av. Guadalupe N° 1666, Teleóno: 3678 1400",5,Hospital,2,Privado
180,Jardines Tapatíos,7,- Inexistente -,,99,NINGUNO,99,NINGUNO
182,Jardines del Ixtépete,8,Inexistente,,99,NINGUNO,,Desconocido
185,Jardines de Guadalupe,5A,"Medical Center ""Cirugia Estetica""",Av. Guadalupe N° 4970,2,Clínica,2,Privado
185,Jardines de Guadalupe,5A,"Santa Ana ""Cirugia Plastica""",Av. M. Clouthier N° 720,2,Clínica,2,Privado
185,Jardines de Guadalupe,5A,Centro de Ortopedia y Medicina del Deporte,"Patria N° 649, telefono 3628 2801/41",2,Clínica,2,Privado
185,Jardines de Guadalupe,5A,"Medico Ginecólogo ""Cryo Cell de México""","Av. M. J. Clouthier Nº 777-A, Tel. 31252522 y 31252523.",3,Consultorio,2,Privado
185,Jardines de Guadalupe,5A,"Hospital ""Jardines de Guadalupe S.A. de C.V.""","Toreros Nº 666, Tel. 36286004.",5,Hospital,2,Privado
186,Jardines de la Esperanza,2A,Inexistente,,99,NINGUNO,,Desconocido
189,Jardines de los Belenes,2B,-Inexistente-,,99,NINGUNO,99,NINGUNO
191,Jardines de Nuevo México,4,Centro de Salud Jardines de Nuevo México,Cuarta Norte No. 5463,1,Centro de Salud,1,Público
194,Jardines de Tabachines,2A,-Inexistente-,,99,NINGUNO,99,NINGUNO
195,Jardines del Auditorio,2A,-Inexistente-,,99,NINGUNO,99,NINGUNO
196,Jardines del Porvenir,2A,-Inexistente-,,99,NINGUNO,99,NINGUNO
198,Jardines del Valle,4,Inexistente,,99,NINGUNO,,Desconocido
199,Jardines del Vergel ,2A,-Inexistente-,,99,NINGUNO,99,NINGUNO
201,Jardines Universidad,5B,Clinica dental,Av. Patria 4926-108,2,Clínica,,Desconocido
201,Jardines Universidad,5B,Clinica de rehabilitacion fisica,George Santayana 4963,2,Clínica,,Desconocido
206,Lagos del Country,1B,-Inexistente-,,99,NINGUNO,99,NINGUNO
210,Loma Bonita Ejidal,6,Centro de Salud,Av. Patria  esquina Encinos,1,Centro de Salud,1,Público
211,Loma Bonita Residencial,6,Clinica Médica de Acupuntura,"Conchitas N° 2986, telefóno 3634 4167",3,Consultorio,2,Privado
211,Loma Bonita Residencial,6,Especialidades Médicas,"Conchitas N° 2816, telefóno 36326751",3,Consultorio,2,Privado
212,Loma Bonita Sur,6,Inexistente,,99,NINGUNO,,Desconocido
213,Loma Real,5B,Inexistente,,99,NINGUNO,,Desconocido
214,"Loma, La",1B,Inexistente,,99,NINGUNO,,Desconocido
215,Lomas Altas,5B,Inexistente,,99,NINGUNO,,Desconocido
216,Lomas de Atemajac,1B,Médico Psiquiatra,"Av. Zoquipan Nº 127 -1, Tel. 38252515 y 38268746, Dr. José Nájera Magallanes.",3,Consultorio,2,Privado
217,Lomas de Guadalupe,5A,inexistente,,99,NINGUNO,,Desconocido
218,Lomas de la Primavera,7,Centro de Salud Lomas de la Primavera,Nochebuena Nº 154 y Miguell de la Madrid,1,Centro de Salud,1,Público
220,Lomas de Tabachines ,2A,Lomas de Tabachines,Chabacanos y Granados cruza Manzanos y Priv. Limones Tel. 12.02.02.31,1,Centro de Salud,1,Público
221,Lomas de Zapopan,3,Médico Dermatólogo,"Av. Valdepeñas Nº 3732, Tel. 38344874.",3,Consultorio,2,Privado
222,Lomas del Batán,1B,Centro de Salud Atemajac,Emiliano Zapata y Ramón Corona,1,Centro de Salud,1,Público
222,Lomas del Batán,1B,Instituto Dermatológico de Jalisco,"Federalismo Norte No. 3102, esq. con Occidental",2,Clínica,1,Público
222,Lomas del Batán,1B,Hospital del Valle de Atemajac,Ramón Corona No. 55,5,Hospital,2,Privado
223,Lomas del Bosque,1A,Inexistente,,99,NINGUNO,,Desconocido
224,Lomas del Camino,1B,-Inexistente-,,99,NINGUNO,99,NINGUNO
225,Lomas del Centinela,2A,-Inexistente-,,99,NINGUNO,99,NINGUNO
226,Lomas del Colli ,5A,- Inexistente -,,99,NINGUNO,99,NINGUNO
228,Lomas del Refugio,2B,-Inexistente-,,99,NINGUNO,99,NINGUNO
229,Lomas del Seminario Norte,5A,Clínica Monte Blanco,"Av. Manuel J. Clouthier Nº 505, Tel. 36299913 y 36299509",2,Clínica,2,Privado
229,Lomas del Seminario Norte,5A,Nucleo Médico Beethoven,"Beethoven N° 4751, Telefóno 3673 3807 y 3673 4507",2,Clínica,2,Privado
229,Lomas del Seminario Norte,5A,Médico Otorrinolaringólogo,"Franz Shubert Nº 44904, Tel. 36294017, Dra.Ma. Isabel Fátima Rizo Macías. ",3,Consultorio,2,Privado
233,"Maestros, Los",1B,Médico Ortopedista,"Paulino Navarro Nº 866, Tel. 38330130 y 38330140, Dr. Carlos E. Del Toro López.",3,Consultorio,2,Privado
233,"Maestros, Los",1B,"Hospital ""San Rafael""",Antonio Flores y Aurelio Ortega,5,Hospital,2,Privado
234,"Magdalena, La",RS,- Inexistente -,,99,NINGUNO,99,NINGUNO
236,Marcelino García Barragán,3,- Inexistente -,,99,NINGUNO,99,NINGUNO
238,"Martinica, La",2A,Centro de Salud La Martinica,Pino s/n Nogal y Morelos,1,Centro de Salud,1,Público
239,Mesa Colorada ,RN,-Inexistente-,,99,NINGUNO,99,NINGUNO
240,Mesa Colorada Poniente,2B,Inexistente,,,Desconocido,,Desconocido
241,Mesa de los Ocotes,2B,Centro de Salud Mesa de los ocotes,Paseo de las Crucecillas y Paseo de los Laureles ,1,Centro de Salud,1,Público
242,Mezquitán,2B,-Inexistente-,,99,NINGUNO,99,NINGUNO
244,Miguel Hidalgo,2B,"Centro de Salud ""Arroyo Hondo""",Carretera a Saltillo y Piedras Negras. ,1,Centro de Salud,1,Público
245,Milpillas Mesa de San Juan,RS,Inexistente,,99,NINGUNO,,Desconocido
248,Mirador del Sol,6,-Inexistente-,,99,NINGUNO,99,NINGUNO
249,Mirador Escondido,2B,-Inexistente-,,99,NINGUNO,99,NINGUNO
250,Miramar,7,Centro de Salud Miramar,Puerto Perla Escondida Nº 2691,1,Centro de Salud,1,Público
251,Misión Jardines,4,Inexistente,,99,NINGUNO,,Desconocido
252,Misión de San Isidro (ó Misión del Bosque),3,Inexistente,,99,NINGUNO,,Desconocido
254,Molino del Salvador,2B,-Inexistente-,,99,NINGUNO,99,NINGUNO
255,Nextipac,RS,Centro de Salud Nextipac,Deportivo Azteca s/n,1,Centro de Salud,1,Público
257,Nueva España,2B,-Inexistente-,,99,NINGUNO,99,NINGUNO
258,Nueva Primavera (ó Colli Nueva Primavera),6,- Inexistente -,,99,NINGUNO,99,NINGUNO
259,Nuevo México,4,- Inexistente -,,99,NINGUNO,99,NINGUNO
260,Nuevo Vergel,2A,Centro de Salud Nuevo Vergel,Herreros Nº 315,1,Centro de Salud,1,Público
261,Palmira,8,- Inexistente -,,99,NINGUNO,99,NINGUNO
262,"Palmita, La",1B,-Inexistente-,,99,NINGUNO,99,NINGUNO
263,Palo Gordo,RS,- Inexistente -,,99,NINGUNO,99,NINGUNO
266,Paraísos del Colli,7,Centro de Salud Paraísos del Colli,Sidra Nº 489 y prolongación colli,1,Centro de Salud,1,Público
267,Paraíso Los Pinos,8,Inexistente,,99,NINGUNO,,Desconocido
268,Parque Industrial Belenes Norte,1A,Inexsitente,,99,NINGUNO,,Desconocido
269,Parques de la Castellana,5B,Inexistente,,99,NINGUNO,,Desconocido
270,Parque Regency,5B,Inexistente,,99,NINGUNO,,Desconocido
271,Parques de Tesistán,RS,-Inexistente-,,99,NINGUNO,99,NINGUNO
272,Parques de Zapopan,4,-inexistente-,,99,NINGUNO,,Desconocido
273,Parques del Auditorio,2A,Cruz Verde,"Luis Quintero Nº 750, tel. 3342 4743 y 3342 4751",1,Centro de Salud,1,Público
274,Paseos del Briseño,8,- Inexistente -,,99,NINGUNO,99,NINGUNO
275,Paseos del Sol ,6,Médico Otorrinolaringólogo,"Vallarta Nº 3240, Tel. 36327199 y 36479201, Dr. Victor Jaspersen Gastelum.",3,Consultorio,2,Privado
277,Paso de Guadalupe (ó El Morado),RN,Inexistente,,99,NINGUNO,99,NINGUNO
282,Pedregal de Zapopan,2B,-Inexistente-,,99,NINGUNO,99,NINGUNO
283,Pedro Moreno,1B,-Inexistente-,,99,NINGUNO,99,NINGUNO
285,Pinar de la Calma,6,Inexistente,,99,NINGUNO,99,NINGUNO
287,"Pinos Campestre, Los",8,Inexistente,,99,NINGUNO,99,NINGUNO
289,Pirámides,6,Inexistente,,99,NINGUNO,,Desconocido
291,Praderas de San Antonio,4,- Inexistente -,,99,NINGUNO,99,NINGUNO
293,Prados de Santa Lucia ,RS,-Inexistente-,,99,NINGUNO,99,NINGUNO
294,Prados Guadalupe,5A,Ginecologia y Obstetricia,"Sebastian Bach 4752, Tel. 39158771",2,Clínica,2,Privado
294,Prados Guadalupe,5A,Molett Medical Unit,Sebastian Bach 4754 tel. 36292077 y 36291846,2,Clínica,2,Privado
295,Prados Tepeyac,6,BrunoS,"Xochitl Nº 4686, Tel. 36477463.",3,Consultorio,2,Privado
297,"Primavera, La",RS,Centro de salud,Miguel Hidalgo,1,Centro de Salud,,Desconocido
297,"Primavera, La",RS,Centro de Salud La Primavera,Ignacio Allende Nº 76,1,Centro de Salud,1,Público
298,Primavera Norte,6,- Inexistente -,,99,NINGUNO,99,NINGUNO
299,Puerta de Hierro,5B,Centro Médico,"Boulevard Puerta de Hierro Nº 5150, Plaza Corporativa Zapopan, Tel. 38484000, 38484020 y 38484021",2,Clínica,2,Privado
299,Puerta de Hierro,5B,Pediatra Integral,"Av. Empresarios Nº 150, Piso 16, Tel. 38485597 y 38485598.",3,Consultorio,2,Privado
299,Puerta de Hierro,5B,Médico Neurólogo y Neurocirujano,"Elite Piso 17 Suite Nº 1705, Torre Médica, Centro Médico, Tel. 36005991 y 13682068",3,Consultorio,2,Privado
299,Puerta de Hierro,5B,Neurospinemédica,"Piso 17, consultorio 1705 y 1706, Torre Médica, Tel. 39005991 y 39005968",3,Consultorio,2,Privado
301,Puerta del Sol,5B,Inexistente,,99,NINGUNO,,Desconocido
303,Rancho El Centinela,3,Inexistente,,99,NINGUNO,,Desconocido
304,Rancho el Sol (ó Placita del Sol),3,- Inexistente -,,99,NINGUNO,99,NINGUNO
306,Real Alamedas,6,Médico Dermatólogo,"Rinconada de Almeria Nº 1457, Tel. 36322512.",3,Consultorio,2,Privado
308,Real Vallarta,5A,"Unidad Médica ""Nuestra Señora del Refugio""","Goya Nº 64, Tel. 36298601.",2,Clínica,2,Privado
308,Real Vallarta,5A,Unidad Médico Quirúrgica,Av Miguel Angel #164 TEL. 36293636 Contacto Dr. Roberto Mercado Torres,2,Clínica,2,Privado
308,Real Vallarta,5A,Consultorio Medicina Gral. y Estetica,Velazquez #19 Col. Eucalipto Vallarta,3,Consultorio,2,Privado
309,"Rehilete, El",7,Inexistente,,99,NINGUNO,99,NINGUNO
310,Residencial Arboledas,6,Especialidades Médicas,"Kepler N° 3243, Telefono 3133 1084",2,Clínica,2,Privado
310,Residencial Arboledas,6,Unidad Médica Familiar No. 171 IMSS,"Av. López Mateos Sur No.l 3436, Tel. 36320857, 36323608 y 36328311",2,Clínica,1,Público
310,Residencial Arboledas,6,Dra. C. Marcela Cordova S. Otorrinolaringologo Audiologico,Simón Laplace N° 4041,3,Consultorio,2,Privado
311,Residencial Ciudad de los Niños,5A,Inexistente,,99,NINGUNO,,Desconocido
314,Residencial del Bosque,8,Inexistente,,99,NINGUNO,99,NINGUNO
315,Residencial Guadalupe,5A,Médico Dermatólogo,"Av. Guadalupe Nº 4693 Int. 401, Tel. 36471659, Dra. Laura  Luz Bernal Bravo.",3,Consultorio,2,Privado
318,Residencial Moctezuma,6,Inexistente,,99,NINGUNO,,Desconocido
319,Residencial Moctezuma Poniente,6,- Inexistente -,,99,NINGUNO,99,NINGUNO
321,Residencial Patria,1B,"Unidades de Especialidades Cardiologìa, Plastica y Reconstructiva, Reha. Mèdica.",Calle Lago Jinebra # 2732,2,Clínica,,Desconocido
322,Residencial Plaza Guadalupe,5A,- Inexistente -,,99,NINGUNO,99,NINGUNO
324,Residencial Victoria,6,Clinica Integral,"Obsidiana N° 2643, Telefono 10785944",2,Clínica,2,Privado
324,Residencial Victoria,6,Dr. Pet     Clinica Veterinaria,Lapizla Zuli N° 2949 y Perla,2,Clínica,2,Privado
324,Residencial Victoria,6,Médico Gastroenterólogo,"Coral Nº 2758, Tel. 36326362 y 36329963, Dr. Alfonso Becerra Llauger.",3,Consultorio,2,Privado
325,Rinconada del Auditorio,2A,-Inexistente-,,99,NINGUNO,99,NINGUNO
327,Rinconada Del Iris,8,Inexistente,,99,NINGUNO,99,NINGUNO
329,Rinconada del Sol,6,Inexistente,,99,NINGUNO,99,NINGUNO
330,Rinconada La Azalea,1B,-Inexistente-,,99,NINGUNO,99,NINGUNO
331,Rinconada del Valle,5A,Inexistente,,99,NINGUNO,99,NINGUNO
332,Rinconada de la Calma,6,Inexistente,,99,NINGUNO,99,NINGUNO
337,Río Blanco,RN,Casa de Salud Rural Río Blanco,"Independencia, junto al 6365",4,Casa de Salud,1,Público
338,Roberto Orozco,RS,- Inexistente -,,99,NINGUNO,99,NINGUNO
339,"Robles, Los",3,"Hospital ""Dr. Ángel Leaño""","Av. Dr.Ángel Leaño 500 esq. Juan Gil Preciado, Tel. 36488484 y 36488425, Dir.Isidro Zavala Trujillo.",5,Hospital,2,Privado
340,"Rodeo, El",RS,Inexistente,,99,NINGUNO,99,NINGUNO
341,Royal Country,5B,Inexistente,,99,NINGUNO,99,NINGUNO
342,San Bernardo,5B,Inexistente,,99,NINGUNO,99,NINGUNO
343,San Esteban,RN,Centro de Salud san Estebán (San Miguel Tateposco),Juarez e Hidalgo,1,Centro de Salud,1,Público
345,San Isidro Ejidal,1A,"Sanatorio del Oriente, S. A.","Lagunitas Nº 908, Tel. 36557834 y 364466630.",2,Clínica,2,Privado
346,San Isidro Poblado,RN,Centro de Salud San Isidro,Carretera a San Estebán Nº 19,1,Centro de Salud,1,Público
347,San José del Bajio,1A,"Hospital ""De Jesús""","Tesistán Nº 779 (entre Hierro), Tel. 36330043, Dir. Dr. Salvador Becerra Delgadillo.",5,Hospital,2,Privado
348,San José Ejidal,RS,Centro de Salud la Magdalena,Calle Santa Magdalena,1,Centro de Salud,1,Público
349,San Juan de Ocotán,4,Centro de Salud San Juan de Ocotán,San Juan y Carretera Base Áerea.,1,Centro de Salud,1,Público
350,San Lorenzo,RN,Casa de Salud Rural San Lorenzo,"Frente a la Iglesia, calle Galeana",4,Casa de Salud,1,Público
352,San Miguel de La Colina,1A,Hopital Valentin Gomez Farias del ISSSTE,Av. Prol. Americas y Prol. Javier Mina,5,Hospital,,Desconocido
353,San Miguel Tateposco,RN,Inexistente,,99,NINGUNO,,Desconocido
354,San Nicolás de los Belenes,2A,-Inexistente-,,99,NINGUNO,99,NINGUNO
355,San Wenceslao,5B,Médico Psiquiatra,"Orquídea Nº 579, Tel. 36421264, Dra. Heidi Rangel Knoderer.",3,Consultorio,2,Privado
356,Santa Ana Tepetitlán,8,Centro de Salud Santa Ana Tepetitlán,Guadalupe Victoria Nº 40,1,Centro de Salud,1,Público
356,Santa Ana Tepetitlán,8,Clinica Santa Ana,primavera N° 2125,2,Clínica,2,Privado
356,Santa Ana Tepetitlán,8,Dispensario Homopático,Guadalupe Victoria N° 57,3,Consultorio,1,Público
356,Santa Ana Tepetitlán,8,Consultorio Dental,Allenda y Josefa de Domínguez,3,Consultorio,2,Privado
356,Santa Ana Tepetitlán,8,"Dental ""Santa Ana""",Guadalupe Victoria N° 71,3,Consultorio,2,Privado
356,Santa Ana Tepetitlán,8,Consultorio Médico,Aquíles Médicos,3,Consultorio,2,Privado
357,Santa Catalina,6,Dr. Gustavo Álvarez S. Dentesta,Chancanab y Moctezuma,3,Consultorio,2,Privado
357,Santa Catalina,6,Dental Maberic,"Yaxuma y Chimalpopoca, tel. 3628 8537",3,Consultorio,2,Privado
360,Santa Lucía,RS,- Inexistente -,,99,NINGUNO,,Desconocido
361,Santa Margarita 1ra. Sección,1A,Centro de Salud Santa Margarita,Acueducto s/n,1,Centro de Salud,1,Público
363,Santa Margarita Residencial,4,Consultorio del Dr. Raul Ortiz Avalos ,Marina Mazamitla # 56,3,Consultorio,,Desconocido
364,Santa Maria del Pueblito,5A,Centro de Salud Santa Maria del Pueblito,Morelos Nº 56650.,1,Centro de Salud,1,Público
365,Santa Mónica de los Chorritos,RS,Hospital Santa Lucía (en construcción),Acueducto y 5 de mayo,5,Hospital,1,Público
366,Santa Paula,1B,-Inexistente-,,99,NINGUNO,99,NINGUNO
367,Seattle,1B,"Clinica "" Fernando Banda"" Salud de los Enfermos A.C. ","Aurelio Ortega No. 842 , Tel. 36.33.33.88",2,Clínica,2,Privado
368,Seattle  Habitacional ,1B,-Inexistente-,,99,NINGUNO,99,NINGUNO
369,"Soledad de Nextipac, La",RS,- Inexistente -,,99,NINGUNO,99,NINGUNO
370,Tabachines,2A,Biocenter,"Av. Tabachines No. 3152, Tel. 36608082",3,Consultorio,2,Privado
371,Tepeyac,1B,Cruz Verde Norte,"Santa Lucia s/n., 3633 4415, 3633 4448 y 3818 2200 ext. 3905, 3913",1,Centro de Salud,1,Público
371,Tepeyac,1B,"Médico Gastroenterólogo ""Best Pharma""","Av. Lázaro Cárdenas Nº 1445, Tel. 36663588.",3,Consultorio,2,Privado
372,Tepeyac Casino,5A,Inexistente,,99,NINGUNO,99,NINGUNO
373,Tesistán,RS,Centro de Salud Tesistán,Jesús García Nº 16,1,Centro de Salud,1,Público
374,"Tigre I, El",3,- Inexistente -,,99,NINGUNO,99,NINGUNO
375,"Tigre II, El",3,Consultorio del Dr. Filiberto Hipólito Rivas,"Andador 1, No. 5",3,Consultorio,2,Privado
376,"Triángulo, El",4,- Inexistente -,,99,NINGUNO,99,NINGUNO
377,"Tuzanía , La",4,-Inexistente-,,99,NINGUNO,,Desconocido
378,Tuzanía Ejidal,4,Inexistente,,99,NINGUNO,,Desconocido
379,Unidad Auditorio,2A,Sanatorio San Nicolás de Bari,"Club Oro y Periférico, Tel. 33662669",2,Clínica,2,Privado
379,Unidad Auditorio,2A,Médico Oculista,"Prolongación Mariano Bárcenas Nº 693-P, Tel. 36604207, Dr. José de Jesús Alonso Sánchez.",3,Consultorio,2,Privado
380,Unidad Cadete Francisco Marquez,6,Medic Care,Ptolomeo y J. Keppler,2,Clínica,2,Privado
381,Unidad Gustavo Díaz Ordaz,6,Consultoría Biomédica,"Mayapan Nº 3488, Tel. 10794635.",3,Consultorio,2,Privado
382,Unidad Fovissste (Estatuto Jurídico).,1A,"Unidad Médica Familiar ""La Tuzania"" del ISSSTE","Av. Laureles y Periférico, Tel. 31658137, Dir, Dr. Filibeerto Mtz, Navarro.",1,Centro de Salud,1,Público
382,Unidad Fovissste (Estatuto Jurídico).,1A,Medicina Interna,"Manzana 19 Nº 14, Tel. 36332090.",3,Consultorio,2,Privado
384,Unidad Patria,1B,-Inexistente-,,99,NINGUNO,99,NINGUNO
385,Unidad República,1A,Consultorio Dr. Carlos Eduardo Martìn Mtnez.,Vicente Guerrero  181,3,Consultorio,2,Privado
385,Unidad República,1A,Consultorio de Odontologia Integral,Vicente Guerrero 280  Tel. 36.36.25.05,3,Consultorio,2,Privado
387,Vallarta Universidad,5B,CIAMI,"Ricardo Guiraldes 5496, esq. Juan Palomar. Tel. 36298360",3,Consultorio,2,Privado
387,Vallarta Universidad,5B,Médico Dermatólogos,"Av. Naciones Unidas Nº 5470, Tel. 36733383.",3,Consultorio,2,Privado
387,Vallarta Universidad,5B,Fitness Kids Zone,"Ricardo Guiraldes No. 5496, esq. Juan Palomar, Tel. 36298360",3,Consultorio,2,Privado
388,Valle de Atemajac,2A,Inexistente,,99,NINGUNO,99,NINGUNO
389,Valle de Bugambilias,8,Inexistente,,99,NINGUNO,99,NINGUNO
392,Valle Escondido,4,Inexistente,,99,NINGUNO,99,NINGUNO
394,Venta del Astillero,RS,Centro de Salud Venta del Astillero Lázaro Cárdenas Nº 111Cruza con Tabachines,Lázaro Cárdenas Nº 111,1,Centro de Salud,1,Público
395,Venustiano Carranza,1B,-Inexistente-,,99,NINGUNO,99,NINGUNO
398,Víctor Hugo,1B,-Inexistente-,,99,NINGUNO,99,NINGUNO
399,"Vigía, El",1B,Sanatorio de México S.A.,"Lourdes Nº 55, Tel. 36332777, 36560145 y 36560671.",2,Clínica,2,Privado
402,Villa de los Belenes,1B,-Inexistente-,,99,NINGUNO,99,NINGUNO
405,Villa Universitaria,5B,Médico Endocrinólogo,"Madrigal Nº 4197, Tel. 36420389, Dr. Antonio Escalante Herrera.",3,Consultorio,2,Privado
405,Villa Universitaria,5B,Hospital Pablo Neruda,Av. Pablo Neruda 4150,5,Hospital,2,Privado
405,Villa Universitaria,5B,Hospital Veterianario,Av. Patria y Virreyes Tel. 10.57.12.17,5,Hospital,2,Privado
407,Villas Alcalde,1B,-Inexistente-,,99,NINGUNO,99,NINGUNO
408,Villas de Guadalupe,2B,Cruz Verde Villas de Guadalupe,"Carretera a Saltillo Nº 100 esq. Casiano Torres, 3625 1328.",1,Centro de Salud,1,Público
408,Villas de Guadalupe,2B,Centro Bienestar IMSS Solidaridad,Pío V Enríquez 156,4,Casa de Salud,1,Público
408,Villas de Guadalupe,2B,Hospital CUMAI,José María Martínez y Julián Rubio,5,Hospital,2,Privado
409,Villas del Marquez (Villas del Parque),2A,-Inexistente-,,99,NINGUNO,99,NINGUNO
411,Villas La Loma,3,Consultorio Médico,"Av. de las Calandrias, junto al 1757",3,Consultorio,2,Privado
411,Villas La Loma,3,Consultorio dental,Av. de las Calandrias y Orquídea,3,Consultorio,2,Privado
414,Villas de Tepeyac,6,- Inexistente -,,99,NINGUNO,99,NINGUNO
418,Vista Hermosa,2B,-Inexistente-,,99,NINGUNO,99,NINGUNO
419,Vista del Sol,8,Inexistente,,99,NINGUNO,99,NINGUNO
420,Volcán del Colli,5A,Inexistente,,99,NINGUNO,99,NINGUNO
421,"Zapote, El   ",6,Centro de Salud El Zapote,Chimalpopoca s/n esq. Apatzingán.,1,Centro de Salud,1,Público
422,Zoquipan,1B,Clínica Estatal de Displacias,Zoquipán Nº 1050,2,Clínica,1,Público
422,Zoquipan,1B,Clínica del dolor y cuidados,Zoquipán Nº 1050,2,Clínica,1,Público
422,Zoquipan,1B,Instituto Jaliciense de Salud Mental,Zoquipan Nº 1000 - A.     ,5,Hospital,1,Público
422,Zoquipan,1B,Hospital General de Occidente,Zoquipán Nº. 1050.,5,Hospital,1,Público
423,Hospital San Juan de Dios,1B,Sanatorio San Juan de Dios,"Av. Laureles No. 55, Tel: (33) 3633-07-30 Fax (33) 3656-06-76",5,Hospital,2,Privado
426,"Noria, La",,- Inexistente -,,99,NINGUNO,99,NINGUNO
427,Quinta Federalismo,,Cruz verde,Prol. Federalismo y Luis Quintero,2,Clínica,1,Público
427,Quinta Federalismo,,Centro de Intervención en Crisis (CICRI),Prol. Federalismo y Luis Quintero,2,Clínica,1,Público
428,"Tempisque, El",,Casa de Salud del Tempisque,En la parte posterior del templo,4,Casa de Salud,1,Público
429,Mesón de Copala,,Casa de Salud del Mesón de Copala,Dentro de Preescolar (Calle López Mateos),4,Casa de Salud,1,Público
430,Villas de Nuevo México,,- Inexistente -,,99,NINGUNO,,Desconocido
431,"Soledad de Ixcatán, La",,- Inexistente -,,99,NINGUNO,99,NINGUNO
432,Jardines de San Gonzalo,,- Inexistente -,,99,NINGUNO,,Desconocido
434,Fuentecillas,,Casa de Salud Fuentecillas,Av. Fuentecillas S/N,4,Casa de Salud,1,Público
435,"Golondrinas, Las",,- Inexistente -,,99,NINGUNO,99,NINGUNO
438,Campestre Lomas de Tesistán,,-Inexistente -,,99,NINGUNO,99,NINGUNO
439,"Joyitas, Las",,Inexistente,,99,NINGUNO,,Desconocido
440,Vistas de Tesistán,,Inexistente,,99,NINGUNO,99,NINGUNO
441,Praderas de Tesistán,,Inexistente,,99,NINGUNO,99,NINGUNO
442,Hacienda Las Palomas,,Inexistente,,99,NINGUNO,,Desconocido
443,Ampliación Santa Lucía,RS,- Inexistente -,,99,NINGUNO,99,NINGUNO
446,Revolución,RS,-Inexistente-,,99,NINGUNO,99,NINGUNO
447,"Mirasoles, Los",,-Inexistente-,,99,NINGUNO,99,NINGUNO
448,"Providencia, La",,-Inexistente-,,99,NINGUNO,99,NINGUNO
449,Villas de Santa Lucía,RS,- Inexistente -,,99,NINGUNO,99,NINGUNO
450,"Cerrito, El (de Nextipac)",RS,- Inexistente -,,99,NINGUNO,99,NINGUNO
451,Cerca Morada,RS,- Inexistente -,,99,NINGUNO,99,NINGUNO
452,Misión La Floresta,,- Inexistente -,,99,NINGUNO,99,NINGUNO
453,Rinconada del Parque,,- Inexistente -,,99,NINGUNO,99,NINGUNO
454,Colinas del Río,3,- Inexistente -,,99,NINGUNO,99,NINGUNO
455,Villa Hermosa,RS,- Inexistente -,,99,NINGUNO,99,NINGUNO
456,"Ángeles de Nextipac, Los",RS,- Inexistente -,,99,NINGUNO,99,NINGUNO
457,San Rafael (poblado),RN,- Inexistente -,,99,NINGUNO,99,NINGUNO
458,"Cohetero, El (poblado)",,- Inexistente -,,99,NINGUNO,99,NINGUNO
459,"Quemado, El (poblado)",RN,- Inexistente -,,99,NINGUNO,99,NINGUNO
460,Villas del Valle,3,- Inexistente -,,99,NINGUNO,99,NINGUNO
461,Campo Real,3,-Inexistente-,,99,NINGUNO,99,NINGUNO
462,Bosque Valdepeñas,3,- Inexistente -,,99,NINGUNO,99,NINGUNO
463,Hacienda del Sol,3,- Inexistente -,,99,NINGUNO,99,NINGUNO
464,Valdepeñas II,3,- Inexistente -,,99,NINGUNO,99,NINGUNO
465,Punta Valdepeñas,3,- Inexistente -,,99,NINGUNO,99,NINGUNO
466,Real Valdepeñas,3,- Inexistente -,,99,NINGUNO,99,NINGUNO
467,Real de Tesistán,,,,99,NINGUNO,99,NINGUNO
467,Real de Tesistán,,- Inexistente -,,99,NINGUNO,99,NINGUNO
468,Altus Quintas,0,- Inexistente -,,99,NINGUNO,99,NINGUNO
469,Colonos de Tesistán,,- Inexistente -,,99,NINGUNO,99,NINGUNO
470,Real Casablanca,,- Inexistente -,,99,NINGUNO,99,NINGUNO
471,Jardines de las Fuentes,45200,- Inexistente -,,99,NINGUNO,99,NINGUNO
472,Molinos,,- Inexistente -,,99,NINGUNO,99,NINGUNO
473,Extramuro,,- Inexistente -,,99,NINGUNO,99,NINGUNO
474,Parques Tepeyac,0,Inexistente,,99,NINGUNO,99,NINGUNO
475,Quinta del bosque,,Inexistente,,99,NINGUNO,99,NINGUNO
476,Crucero de Ameca,Zona Rural,Inexistente,,99,NINGUNO,99,NINGUNO
477,Miramar Poniente,,Inexistente,,99,NINGUNO,99,NINGUNO
478,"Fortín II, El",7,Inexistente,,99,NINGUNO,,Desconocido
479,Villas del Ixtépete,8,Inexistente,,99,NINGUNO,,Desconocido
480,Nuevo México Sur,4,Inexistente,,99,NINGUNO,,Desconocido
481,Anexo a Jardines del Vergel,2A,Inexistente,,99,NINGUNO,,Desconocido
482,Lomas Campestres Las Mesitas,RS,Casa de Salud,"Paseo de los Lirios, Jazmin y Ciruelos",4,Casa de Salud,1,Público
483,Mirador de San Isidro Magisterial,3,Inexistente,,99,NINGUNO,,Desconocido
484,Residencial del Parque Metropolitano,5A,Inexistente,,99,NINGUNO,,Desconocido
485,Lomas del Pedregal,RN,Inexistente,,99,NINGUNO,,Desconocido
486,Ampliación Villas de Guadalupe,2B,Inexistente,,99,NINGUNO,,Desconocido
487,Granjas y Huertos San José,,Inexistente,,99,NINGUNO,,Desconocido
488,Villas de Monticello,,Inexistente,,99,NINGUNO,,Desconocido
489,"Pedregal (de Milpillas), El",,Inexistente,,99,NINGUNO,99,NINGUNO
490,"Taray, El",,Inexistente,,99,NINGUNO,,Desconocido
491,Cabañas de la Barranca,,Inexistente,,99,NINGUNO,,Desconocido
492,Kilómetro 10 (carr. a Colotlán),,Inexistente,,99,NINGUNO,,Desconocido
493,Prados de Nextipac,,Inexistente,,99,NINGUNO,,Desconocido
494,"Soledad de afuera, La",,Inexistente,,99,NINGUNO,,Desconocido
495,Canteras del Centinela,,Inexistente,,99,NINGUNO,,Desconocido
496,Parques del Centinela Residencial,,Inexistente,,99,NINGUNO,,Desconocido
497,San Isidro Residencial,,Inexistente,,99,NINGUNO,,Desconocido
498,Quintas del Valle,,Inexistente,,99,NINGUNO,,Desconocido
499,Misión del Valle,,Inexistente,,99,NINGUNO,,Desconocido
500,"Mandarinos, Los",,Inexistente,,99,NINGUNO,,Desconocido
501,Viveros del Valle,,Inexistente,,99,NINGUNO,,Desconocido
502,Rinconadas del Aire,,Inexistente,,99,NINGUNO,,Desconocido
503,Flores del Valle,,Inexistente,,99,NINGUNO,,Desconocido
504,Villas Muro Vekio,,Inexistente,,99,NINGUNO,,Desconocido
505,Puerta la Plata,,Inexistente,,99,NINGUNO,,Desconocido
506,Jardines de los Pinos,,Inexistente,,99,NINGUNO,,Desconocido
507,Portales de Santa Ana,,Inexistente,,99,NINGUNO,99,NINGUNO
508,Villas Perisur,,Inexistente,,99,NINGUNO,99,NINGUNO
509,Villa Bonita,,Inexistente,,99,NINGUNO,99,NINGUNO
510,Jardines del Álamo,RS,Inexistente,,99,NINGUNO,99,NINGUNO
511,San Gerónimo,RS,Inexistente,,99,NINGUNO,99,NINGUNO
512,Villas del Centinela,,Inexistente,,99,NINGUNO,99,NINGUNO
513,Unidad Habitacional Los Belenes,,Inexistente,,99,NINGUNO,99,NINGUNO
514,Senderos del Centinela,,Inexistente,,99,NINGUNO,99,NINGUNO
515,Rinconada de los Sauces,,Inexistente,,99,NINGUNO,99,NINGUNO
516,Valle de los Sauces (ó Rinconada San Isidro),,Inexistente,,99,NINGUNO,99,NINGUNO
517,Haciendas la Herradura,,Inexistente,,99,NINGUNO,99,NINGUNO
518,Valle de Nuevo México,3,Inexistente,,99,NINGUNO,99,NINGUNO
519,Bosque de los Encinos,3,Inexistente,,99,NINGUNO,99,NINGUNO
520,Bosques de San Gonzalo,3,Inexistente,,99,NINGUNO,99,NINGUNO
521,Porta Real,,Inexistente,,99,NINGUNO,99,NINGUNO
522,Solares,,Inexistente,,99,NINGUNO,99,NINGUNO
523,Altamira (Coto Privado),,Inexistente,,99,NINGUNO,99,NINGUNO
524,Santa Catalina Hábitat Residencial,,Inexistente,,99,NINGUNO,99,NINGUNO
525,Puerta del Llano,,Inexistente,,99,NINGUNO,99,NINGUNO
526,Arauca,,Inexistente,,99,NINGUNO,99,NINGUNO
527,Zapote (Nuevo México),3,Inexistente,,99,NINGUNO,99,NINGUNO
528,"Tizate, El",7,Inexistente,,99,NINGUNO,99,NINGUNO
529,"Patios, Los",RN,Casa de Salud,Domicilio Conocido,3,Consultorio,1,Público
530,Bolsa del Rayo,RN,Inexistente,,,Desconocido,,Desconocido
531,"Cuchilla, La (ó Valle de la Providencia)",RN,Inexistente,,99,NINGUNO,99,NINGUNO
532,San Rafael Tercero,RN,"Casa de Salud ""San Rafael""",Domicilio conocido,3,Consultorio,1,Público
533,"Tarjea, La",RN,Inexistente,,,Desconocido,,Desconocido
543,Girasoles Acueducto,,Unidad Medica de Especialidades Girasoles,Acueducto  1290,,Desconocido,2,Privado
544,Residencial del Valle,,Unidad Medica del Valle,San Felipe # 1154 y Valle de Atemajac,,Desconocido,2,Privado
