Infraestructura Deportiva,,,,,,,,,
Unidad,Nombre Unidad,Zona Coplademun,Espacio Deportivo,Administrado por,Domicilio,Tipo,Descripción Tipo,Clase,Descripción Clase
,,,,,,,,,Desconocido
1,12 de diciembre,7,Cancha de futbol,,,,Desconocido,,Desconocido
1,12 de diciembre,7,- Inexistente -,,,99,NINGUNO,99,NINGUNO
2,27 de Septiembre,1B,-Inexistente-,,,99,NINGUNO,99,NINGUNO
3,"Abetos, Los",1B,Inexistente,,,99,NINGUNO,99,NINGUNO
7,Agua Blanca Poblado,8,Unidad deportiva del Sindicato de Trabajadores de la Industria Embotelladora,Sindicato,"Guadalupe Gallo, frente al 22",1,Unidad Deportiva,2,Privado
10,Agua Fría,2A,-Inexistente-,,,99,NINGUNO,99,NINGUNO
11,"Águilas, Las",6,Unidad Deportiva,Vecinos,"Francisco Villa frente al 4989, esq. Río Cihuatlán",1,Unidad Deportiva,1,Público
11,"Águilas, Las",6,Cancha,Consejo,"Sierra Cuale, esquina Av. López Mateos",2,Cancha Individual,1,Público
12,"Agujas, Las",RS,Cancha de basquetbol,,"Tafeta y Casimir, en Fracc. Telares",2,Cancha Individual,1,Público
14,"Alameda, La",6,- Inexistente -,,,99,NINGUNO,99,NINGUNO
15,"Alamitos, Los",3,Inexistente,,,99,NINGUNO,99,NINGUNO
16,Altagracia,3,"Módulo Deportivo ""Centro Educativo y Cultural""",Consejo,Av. Industria Textil Nº 36,1,Unidad Deportiva,1,Público
16,Altagracia,3,"Unidad Deportiva ""Flores Magón""",Consejo,Av. Altagracia esq. Industria Textil,1,Unidad Deportiva,1,Público
17,Altamira,1A,"Unididad Deportiva ""Altamira""",,Por calle del Cromlech # 657 y Asirios,1,Unidad Deportiva,1,Público
18,"Arboleda, La",1A,Cancha,Consejo,"Paseo Arboledas, entre Tesistán y Sta. Margarita",2,Cancha Individual,1,Público
19,Arboledas,6,Squash Copérnico,,Copérnico No. 3735,3,Club Deportivo,2,Privado
20,Arcos de Guadalupe,5A,"Escuela de Fútbol Americano ""Carneros""",,Rafael Sanzio y Ecónomos,3,Club Deportivo,2,Privado
21,Arcos de Zapopan,3,"Módulo Deportivo ""Arcos de Zapopan""",Consejo,"Arco Gótico, Arco Bizantino y Av. Tesistán",1,Unidad Deportiva,1,Público
22,Arenales Tapatíos ,7,Cancha de futbol,,Diamante y P. Primavera,,Desconocido,,Desconocido
22,Arenales Tapatíos ,7,Cancha de futbol,,Av. Arenales y Uranio,,Desconocido,,Desconocido
22,Arenales Tapatíos ,7,Cancha de futbol,,Cromita y Mercurio,,Desconocido,,Desconocido
22,Arenales Tapatíos ,7,Cancha,Consejo,"Cromita y Níquel, frente a Primaria",2,Cancha Individual,1,Público
23,Arroyo Hondo 1ra. Sección,2A,Cancha,Consejo,Federalismo esquina González Gallo Ote,2,Cancha Individual,1,Público
24,Arroyo Hondo 2da. Sección,2B,Cancha,,Camellón de la Calle Las Torres,2,Cancha Individual,1,Público
25,Atemajac del Valle,1B,Cancha,Vecinos,Ramón Corona y Granaditos,2,Cancha Individual,1,Público
27,Atlas Chapalita,5A,Club Deportivo Atlas,,Copernico y av. Guadaluipe,3,Club Deportivo,2,Privado
28,"Aurora, La",1B,Cancha de futbol y basquet bol,,Paulino Olvera y Epigmenio Preciado ,2,Cancha Individual,1,Público
29,Aves del Paraíso,1A,-Inexistente-,,,99,NINGUNO,99,NINGUNO
30,Azaleas Residencial,8,Inexistente,,,99,NINGUNO,99,NINGUNO
31,"Bajío, El",RS,Gotcha,Particulares,Del Bajío S/N,3,Club Deportivo,2,Privado
32,Balcones de la Cantera,2A,-Inexistente-,,,99,NINGUNO,99,NINGUNO
34,Balcones del Sol (ó Balcones del Colli),7,Unidad deportiva Balcones del Sol,Comude,Pirul y Toronja,1,Unidad Deportiva,1,Público
36,"Batán, El",1B,-Inexistente-,,,99,NINGUNO,99,NINGUNO
38,Benito Juárez,2B,Cancha,Consejo,"J. Jesús Martínez, Priv. Canteros.",2,Cancha Individual,1,Público
39,Benito Juárez Auditorio,2A,-Inexistente-,,,99,NINGUNO,99,NINGUNO
40,"Borrego, El",5-A,Cancha de Basquet Bol,,Privada Pintores y C. s/n,2,Cancha Individual,2,Privado
41,"Bóvedas, Las",4,Unidad Deportiva,,Av. Acueducto entre San Pedro y San Pablo,1,Unidad Deportiva,1,Público
43,Bosques de Zapopan,3,Inexistente,,,99,NINGUNO,99,NINGUNO
45,Brisas de la Primavera,7,Inexistente,,,,Desconocido,,Desconocido
46,"Briseño, El",8,"Módulo Deportivo ""El Briseño""",Consejo,"Tlalpan frente al 4950, esq. Juárez",1,Unidad Deportiva,1,Público
47,Bugambilias,8,Cancha Multiusos,,Cto. de las Flores Sur # 2875,,Desconocido,,Desconocido
48,"Cabañitas, Las",1B,Cancha,Vecinos,,2,Cancha Individual,1,Público
49,"Cajetes, Los",8,- Inexistente -,,,99,NINGUNO,99,NINGUNO
50,Callejón del Parque,5B,- Inexistente -,,,99,NINGUNO,99,NINGUNO
51,"Calma, La",6,Providencia Fútbol Club,,Mariano Otero Nº 4055; tel. 36315744/36315465; del lunes a domingo de 07:00 a 21:00 hrs.,1,Unidad Deportiva,2,Privado
52,"Camichín, El",8,- Inexistente -,,,99,NINGUNO,99,NINGUNO
54,Camino Real,5A,Cancha,Consejo,Av. Lázaro Cárdenas entre Niño Obrero y Santa Teresa de Jesús (sobre el camellón),2,Cancha Individual,1,Público
56,Campestre Las Palomas,RS,- Inexistente -,,,99,NINGUNO,99,NINGUNO
58,"Canteros, Los",2B,-Inexistente-,,,99,NINGUNO,99,NINGUNO
59,"Cañadas, Las (ó Bosques de San Isidro)",3,Las Cañadas Country Club,,Bosques de San Isidro Norte Nº 777; tel. 36850412/36850512,2,Cancha Individual,1,Público
61,Carlos Rivera Aceves,7,- Inexistente -,,,99,NINGUNO,99,NINGUNO
62,"Carrizal, El",1B,- Inexistente -,,,99,NINGUNO,99,NINGUNO
63,"Casita, La",4,Cancha Futbol,Consejo,Rosas y Santa Blanca,2,Cancha Individual,1,Público
64,"Centinela, El (ó Colinas del Centinela)",3,- Inexistente -,,,99,NINGUNO,99,NINGUNO
65,Centro (Cabecera),1A,Canchas U. R.,,Av. Hidalgo y Allende,2,Cancha Individual,1,Público
66,"Cerritos, Los",RN,-Inexistente-,,,99,NINGUNO,99,NINGUNO
67,Cerro de la Higuera,2B,-Inexistente-,,,99,NINGUNO,99,NINGUNO
68,Chapalita de Occidente,5A,-Inexistente-,,,99,NINGUNO,99,NINGUNO
69,Chapalita Las Fuentes,5A,Cancha de Basquetbol,Colonos,Aranzazu y Olímpica,2,Cancha Individual,2,Privado
70,Chapalita Oriente,5A,-Inexistente-,,,99,NINGUNO,99,NINGUNO
72,Chapalita Sur,6,"Módulo Deportivo, ""Parque Pinocho""",Vecinos,,1,Unidad Deportiva,1,Público
72,Chapalita Sur,6,"Unidad Deportiva ""José Guadalupe Zuno Hernández""",Vecinos,,1,Unidad Deportiva,1,Público
75,"Ciudad de los Niños, Fraccionamiento",5A,- Inexistente -,,,99,NINGUNO,99,NINGUNO
77,Ciudad del Tepeyac,6,"Cancha Deportiva ""Plaza Guadalupe"" ",,"Entre las calles Misión de San Antonio, Misión de San Patricio y Misión de San Fernando.",2,Cancha Individual,1,Público
78,Ciudad Granja,5B,Unidad Deportiva,,Calzada Central esquina Calzada Ángeles y Calzada Chulavista.,1,Unidad Deportiva,1,Público
78,Ciudad Granja,5B,Cancha,,Vallarta esquina Calzada Los Pirules.,2,Cancha Individual,1,Público
80,Colegio del Aire,4,- Inexistente -,,,99,NINGUNO,99,NINGUNO
81,Colinas de Atemajac,1B,-Inexistente-,,,99,NINGUNO,99,NINGUNO
82,Colinas de las Águilas,6,Unidad Deportiva,COMUDE,Río Colotlán frente al 2927 entre Río Cuixtle y Río Antenguillo,1,Unidad Deportiva,1,Público
83,Colinas de la Primavera,7,COMUDE,El Municipio,Noche buena y flor de durazno,1,Unidad Deportiva,1,Público
83,Colinas de la Primavera,7,COMUDE,El Municipio,Noche buena y nisperos,1,Unidad Deportiva,1,Público
85,Colinas de los Robles,3,"Canchas multiusos (futbol rápido, voleibol, basquetbol)",Comude,"Calle Pinos frente al Nº 2824, cruza con Cedros y Nogal.",2,Cancha Individual,1,Público
86,Colinas de San Javier,5B,"San Javier, Club Privado",Asociación Civil,"Paseo de las Peñas, No. 3500, Tel. 37938450",3,Club Deportivo,2,Privado
87,Colinas de Tabachines,1B,-Inexistente-,,,99,NINGUNO,99,NINGUNO
89,Colinas del Rey,3,Unidad Deportiva,Vecinos,Por Federalistas y Trafelger,1,Unidad Deportiva,,Desconocido
89,Colinas del Rey,3,Cancha de Basquetball,,Por Paseo Rey Arturo,2,Cancha Individual,1,Público
89,Colinas del Rey,3,Cancha de Ful-Ball,,Calle Trafelger,2,Cancha Individual,1,Público
90,Colinas del Río Blanco,3,- Inexistente -,,,99,NINGUNO,99,NINGUNO
91,Colli CTM,6,Unidad Deportiva,Consejo,"Felipe Carrillo frente al 5225, esq. Av. Manuel J. Clouthier",1,Unidad Deportiva,1,Público
93,Colli Primavera,7,- Inexistente -,,,99,NINGUNO,99,NINGUNO
95,Colli Poblado (ó Colli Ejidal),6,Unidad Deportiva El Colli,COMUDE,Hidalgo Nº 46 esquina República,1,Unidad Deportiva,1,Público
96,Colli Sitio,5A,Inexistente,,,99,NINGUNO,99,NINGUNO
97,Colli Urbano ,6,Unidad deportiva,Comude,Volcán Paricutín y Volcán Barú,1,Unidad Deportiva,1,Público
97,Colli Urbano ,6,Cancha,,Cofre de Perote y Volcán Etna,2,Cancha Individual,2,Privado
97,Colli Urbano ,6,Cancha,,"Volcán Momotombo, Volcán Popocatepetl, Volcán Paricutín y Volcán Baru.",2,Cancha Individual,1,Público
103,Conjunto Laureles,1B,Cancha de futbol y basquet bol en remodelación por SEDESOL,,Miguel Gutierrez y Andador Norte No. 5,2,Cancha Individual,,Desconocido
105,Conjunto Ritz,1B,-Inexistente-,,,99,NINGUNO,99,NINGUNO
106,Conjunto San Gilberto,1B,-Inexistente-,,,99,NINGUNO,99,NINGUNO
107,Conjunto Zapopan,1B,Inexistente,,,99,NINGUNO,99,NINGUNO
108,Constitución,1B,"Módulo Deportivo ""El Grillo""",Consejo,,1,Unidad Deportiva,1,Público
108,Constitución,1B,Cancha,Consejo,Obreros de Cananea esquina General Melitón Albañez ,2,Cancha Individual,1,Público
109,Constituyentes,1B,Unidad Tabachines,COMUDE,Pinabetes y Paseo de los Sabinos,1,Unidad Deportiva,1,Público
109,Constituyentes,1B,Cancha de Basquetbol,,Dentro de Casas GEO (Orquideas y Girasoles),2,Cancha Individual,2,Privado
109,Constituyentes,1B,"Lienzo Charro ""Jorge Rivera""",,Periférico y Antonio Madrazo,3,Club Deportivo,2,Privado
112,"Coronilla, La",2B,Cancha,Consejo,Ramón López Velarde,2,Cancha Individual,1,Público
113,Coronilla del Ocote,RS,Cancha de fútbol,,Conocido,2,Cancha Individual,1,Público
113,Coronilla del Ocote,RS,Cancha de basquetbol,,Conocido,2,Cancha Individual,1,Público
115,División Del Norte,2A,-Inexistente-,,,99,NINGUNO,99,NINGUNO
117,Don Bosco Vallarta,5A,Inexistente,,,99,NINGUNO,99,NINGUNO
118,Ecológica Seattle,1B,-Inexistente-,,,99,NINGUNO,99,NINGUNO
119,Ejido Copalita,RN,Cancha de frontón,Iglesia,Calle 5 de mayo casi esq. con Lázaro Cárdenas,2,Cancha Individual,2,Privado
119,Ejido Copalita,RN,Cancha de Basquetbol,Iglesia,5 de Mayo y Lázaro Cárdenas,2,Cancha Individual,2,Privado
119,Ejido Copalita,RN,Cancha multiusos,,Emiliano Zapata casi esq. con Flamingos,2,Cancha Individual,1,Público
120,Ejido Zapopan,?,-Inexistente-,,,99,NINGUNO,99,NINGUNO
121,Emiliano Zapata,2A,Basquetbol,,Abelardo Rodríguez No. 222,2,Cancha Individual,1,Público
122,"Estancia, La",5A,Unidad Deportiva,Vecinos,J. Sebastian Bach  y C. Millet,1,Unidad Deportiva,1,Público
124,Eucalipto Vallarta,5A,- Inexistente -,,,99,NINGUNO,99,NINGUNO
125,Exitmex,5A,- Inexistente -,,,99,NINGUNO,99,NINGUNO
126,Exhacienda del Lazo,RN,- Inexistente -,,,99,NINGUNO,99,NINGUNO
127,"Experiencia, la",2B,Club Imperio,Asoc. Civil,Av. Imperio s/n,1,Unidad Deportiva,1,Público
128,"Flores, Las",5A,- Inexistente -,,,99,NINGUNO,99,NINGUNO
129,"Floresta del Colli, La",7,- Inexistente -,,,99,NINGUNO,99,NINGUNO
130,"Florida, La",8,- Inexistente -,,,99,NINGUNO,99,NINGUNO
131,Fortín ,7,Canchas de usos multiples El Fortin,COMUDE,Francisco Montes de Oca S/N esq. Domingo Alvarez,1,Unidad Deportiva,1,Público
132,"Fortines, Los",7,- Inexistente -,,,99,NINGUNO,99,NINGUNO
133,"Bosques del Centinela, Fraccionamiento",2A,- Inexistente -,,,99,NINGUNO,99,NINGUNO
134,"Cristal, Fraccionamiento",8,Inexistente,,,99,NINGUNO,99,NINGUNO
136,"Los Paraísos, Fraccionamiento",1B,-Inexistente-,,,99,NINGUNO,99,NINGUNO
137,Francisco Sarabia,8,Cancha de Basquetbol,,Villa Juárez y Hernán Cortés,2,Cancha Individual,1,Público
139,Francisco Villa (antes villa de Torremolinos),3,Club Deportivo ,,Valdepeñas N° 2837,3,Club Deportivo,2,Privado
140,"Fresno, El",4,Cancha de Fútbol,,Fresno y Pirul,2,Cancha Individual,1,Público
141,"Fuentes, Las",6,- Inexistente -,,,99,NINGUNO,99,NINGUNO
143,"Giralda, la",6,Soccer Sol,Particular,"La Giralda No. 3440, casi López Mateos",3,Club Deportivo,2,Privado
144,Girasoles,4,-Inexistente-,,,99,NINGUNO,99,NINGUNO
145,Girasoles Elite,4,Cancha multiusos ,COMUDE,Azaleas Norte y Privado Crisantemas,1,Unidad Deportiva,1,Público
146,"Gloria, La",5A,Unidad deportiva,Colonos,Av. Las Torres y Vicente Álvarez,1,Unidad Deportiva,1,Público
146,"Gloria, La",5A,Campos de fútbol Anahuac,Sector Privado,Av. Cadena de las Américas,2,Cancha Individual,2,Privado
147,González Ortega,1B,-Inexistente-,,,99,NINGUNO,99,NINGUNO
148,"Grana, La",3,Deportivo Cucebrios,IP,La Grana y Av. del Rastro,3,Club Deportivo,2,Privado
149,Guadalajarita (ó Club Atlas),1A,Inexistente,,,99,NINGUNO,99,NINGUNO
150,Guadalupe Jardín,5A,- Inexistente -,,,99,NINGUNO,99,NINGUNO
151,"Guayabos, Comunidad Ecológica, Los",2A,Cancha de basquet y fútbol rápido,Colonos,Interior de la colonia,2,Cancha Individual,2,Privado
152,Gusa,1B,-Inexistente-,,,99,NINGUNO,99,NINGUNO
153,Haciendas de las Lomas,5B,- Inexistente -,,,99,NINGUNO,99,NINGUNO
154,Hacienda de Tepeyac I,6,Cancha Multiusos,Colonos,Capa,2,Cancha Individual,1,Público
155,Hacienda de Tepeyac II,6,Cancha de Baloncesto,Colonos,Tchaikovski y Matador,2,Cancha Individual,1,Público
159,"Haciendita, La",8,- Inexistente -,,,99,NINGUNO,99,NINGUNO
160,Heroes Nacionales,4,"Unidad deportiva ""Héroes Nacionales""",Comude,"Anacleto González Flores No. 98, esq. Félix Zuloaga",1,Unidad Deportiva,1,Público
160,Heroes Nacionales,4,Cancha de futbol,,Anacleto González Flores y Francisco Márquez,2,Cancha Individual,1,Público
161,"Higuera, La",2B,-Inexistente-,,,99,NINGUNO,99,NINGUNO
162,Hogares de Atemajac,2A,Cancha,Vecinos,Cantera Rosa frente al Nº 4030 entre Plan de Guadalupe y Cantera Gris,2,Cancha Individual,1,Público
163,Hogares,2B,,,,,Desconocido,,Desconocido
164,Hogares de Nuevo México,3,"Unidad Deportiva (Campo de beisbol, basquet y juegos infantiles)",,Av. Guadalajara frente al 2126 esq. 10 de Mayo,1,Unidad Deportiva,1,Público
164,Hogares de Nuevo México,3,"Módulo Deportivo, ""San Juan de los Lagos""",Consejo,"Ixatlahuacan frente al 2664, esq. 16 de Septiembre y 18 Septiembre",1,Unidad Deportiva,1,Público
165,Hogares del Batán,1B,Cancha deportiva,,Priv. Morelos,2,Cancha Individual,1,Público
167,Huaxtla,RN,Cancha de basquetbol,,San Felipe,2,Cancha Individual,1,Público
167,Huaxtla,RN,Cancha de fútbol,,Conocido,2,Cancha Individual,1,Público
167,Huaxtla,RN,Cancha de voleibol,,San Felipe,2,Cancha Individual,1,Público
168,"Huerta, La",1B,Cancha de Básquet bol,,"Av. Constituyentes, sobre el camellon",2,Cancha Individual,1,Público
169,"Húmedo de Nextipac, El",RS,Cancha,Comude,Río Congo entre Río Verde y Río Yangtse.,1,Unidad Deportiva,1,Público
169,"Húmedo de Nextipac, El",RS,Cancha de fútbol,,Salto del Agua y Nextipac,2,Cancha Individual,1,Público
170,Indígena de Mezquitán ,2B,Cancha de fútbol,,Calle 22 de Junio,2,Cancha Individual,1,Público
171,Indígena de San Juan Ocotán,4,- Inexistente -,,,99,NINGUNO,99,NINGUNO
175,Ixcatán Poblado,RN,Cancha de futbol,Comunidad,"Calle Juárez, a espaldas de la primaria",2,Cancha Individual,1,Público
175,Ixcatán Poblado,RN,Cancha de basquetbol,Comunidad,Entre Morelos y Vicente Guerrero,2,Cancha Individual,1,Público
178,Jardines de San Ignacio,5A,Inexistente,,,99,NINGUNO,99,NINGUNO
179,Jardín de Vallarta,5A,Casa Club,Colonos,Cto. Vallarta e Inglaterra,3,Club Deportivo,2,Privado
180,Jardines Tapatíos,7,- Inexistente -,,,99,NINGUNO,99,NINGUNO
182,Jardines del Ixtépete,8,Plaza,,Tlalpan y J. López Portillo,2,Cancha Individual,1,Público
185,Jardines de Guadalupe,5A,Inexistente,,,99,NINGUNO,99,NINGUNO
186,Jardines de la Esperanza,2A,Inexistente,,,99,NINGUNO,99,NINGUNO
187,Jardines de la Patria,5B,"Club de la Colina, A.C.",,William Shakespeare Nº 5280 (esq. Inglaterra); tel.33437323/35874747,1,Unidad Deportiva,2,Privado
189,Jardines de los Belenes,2B,-Inexistente-,,,99,NINGUNO,99,NINGUNO
191,Jardines de Nuevo México,4,Unidad Deportiva,Consejo,"Quinta Norte esq. Tercera Poniente, Calle Vicente Guerrero 3ra y 4ta Norte",1,Unidad Deportiva,1,Público
191,Jardines de Nuevo México,4,Cancha,Consejo,"Decima Oriente, Esq. Profesora Idolina Gaona (Junto al Módulo de Seguridad Pública)",2,Cancha Individual,1,Público
194,Jardines de Tabachines,2A,-Inexistente-,,,99,NINGUNO,99,NINGUNO
195,Jardines del Auditorio,2A,Cancha,Consejo,Mariano Bárcenas y Luis Quintero,2,Cancha Individual,1,Público
196,Jardines del Porvenir,2A,-Inexistente-,,,99,NINGUNO,99,NINGUNO
197,Jardines del Sol,6,Inexistente,,,99,NINGUNO,99,NINGUNO
198,Jardines del Valle,4,Cancha de fut bol,,Valle Volga y del nilo,2,Cancha Individual,1,Público
198,Jardines del Valle,4,Cancha Tenis,,Valle Yucas y valle crotos,2,Cancha Individual,2,Privado
199,Jardines del Vergel ,2A,Cancha de Fútbol Rápido,Consejo,Jardines de las Palmas,2,Cancha Individual,1,Público
203,Jocotán,5A,Club deportivo Guadalajara,Particulares,"Francisco I. Madero 500, esq. Aldama",3,Club Deportivo,2,Privado
205,Juan Manuel Vallarta,7,Cancha de Básquetbol,,"Géminis, frente al Templo",2,Cancha Individual,1,Público
206,Lagos del Country,1B,Unidad Deportiva,Consejo,,1,Unidad Deportiva,1,Público
206,Lagos del Country,1B,Unidad Deportiva,Consejo,Cerrada Laguna de Teminos,1,Unidad Deportiva,1,Público
209,Loma Bonita,6,"Liga de Beis bol    ""Legión Americana""",,Montemorelos y Juan Gil Preciado,2,Cancha Individual,2,Privado
210,Loma Bonita Ejidal,6,Cancha de Basquet Bol,Vecinos,Av. Tabachines y Rio Tequila (Módulo de la Asociación Vecinal),2,Cancha Individual,1,Público
210,Loma Bonita Ejidal,6,Cancha de Fut Bol,,Av. Tabachines y Encino,2,Cancha Individual,1,Público
211,Loma Bonita Residencial,6,Inexistente,,,99,NINGUNO,99,NINGUNO
212,Loma Bonita Sur,6,Inexistente,,,99,NINGUNO,99,NINGUNO
213,Loma Real,5B,Cancha de fut bol,Colonos,Paseo del Acentilado,2,Cancha Individual,1,Público
214,"Loma, La",1B,Inexistente,,,99,NINGUNO,99,NINGUNO
215,Lomas Altas,5B,Inexistentes,,,99,NINGUNO,99,NINGUNO
216,Lomas de Atemajac,1B,-Inexistente-,,,99,NINGUNO,99,NINGUNO
217,Lomas de Guadalupe,5A,Inexistente,,,99,NINGUNO,99,NINGUNO
218,Lomas de la Primavera,7,Unidad deportiva,,Flor de Jamaica,1,Unidad Deportiva,1,Público
218,Lomas de la Primavera,7,Cancha,Consejo,Nochebuena esquina Miguel,2,Cancha Individual,1,Público
220,Lomas de Tabachines ,2A,-Inexistente-,,,99,NINGUNO,99,NINGUNO
221,Lomas de Zapopan,3,Unidad Deportiva,Consejo,Cerrada Tavalera (A espaldas de la lechera Sello Rojo),1,Unidad Deportiva,1,Público
221,Lomas de Zapopan,3,Cancha,,Av. De la Mancha entre Valdepeñas y Marbella (A un costado del Mercado),2,Cancha Individual,1,Público
222,Lomas del Batán,1B,Cancha de Basquetbol y Voleibol,Delegado,Hidalgo No. 10 (Delegación Atemajac),2,Cancha Individual,1,Público
223,Lomas del Bosque,1A,Club Atlas Colomos A.C.,,Paseo Atlas Colomos Nº 2000; tel. 36480120; de martes a domingo de 05:00 a 21:00 hrs.,1,Unidad Deportiva,2,Privado
224,Lomas del Camino,1B,-Inexistente-,,,99,NINGUNO,99,NINGUNO
225,Lomas del Centinela,2A,-Inexistente-,,,99,NINGUNO,99,NINGUNO
226,Lomas del Colli ,5A,- Inexistente -,,,99,NINGUNO,99,NINGUNO
228,Lomas del Refugio,2B,-Inexistente-,,,99,NINGUNO,99,NINGUNO
229,Lomas del Seminario Norte,5A,Inexistente,,,99,NINGUNO,99,NINGUNO
232,Lomas Universidad,5A,Cancha de Voley Ball,,G. Leroux y Rosario Castellanos,2,Cancha Individual,1,Público
233,"Maestros, Los",1B,-Inexistente-,,,99,NINGUNO,99,NINGUNO
235,"Mante, El",8,Cancha de Futbol Rapido y espacio recreativo al lado de esta,Consejo,Esquina calle Michoacán y calle Sonora,2,Cancha Individual,1,Público
236,Marcelino García Barragán,3,Cancha,Consejo,"San Miguel frente al Nº 1339, a un costado de la Escuela",2,Cancha Individual,1,Público
237,Mariano Otero,7,Cancha,Consejo,"Manzana Nº 63 entre las calles de Paseo de la Primavera, Zafiro Coral y Mirador del Valle",2,Cancha Individual,1,Público
238,"Martinica, La",2A,Cancha de basket y fútbol rápido,,2 de abril y A. Barajas,2,Cancha Individual,1,Público
238,"Martinica, La",2A,Cancha,Consejo,Pino Frente al Nº 28 entre Morelos y Nogal (A un lado del Centro de Salud),2,Cancha Individual,1,Público
239,Mesa Colorada ,RN,-Inexistente-,,,99,NINGUNO,99,NINGUNO
240,Mesa Colorada Poniente,2B,Cancha de Futbol rápido,,Calle Delli y Chichen Itza,2,Cancha Individual,1,Público
241,Mesa de los Ocotes,2B,-Inexistente-,,,99,NINGUNO,99,NINGUNO
242,Mezquitán,2B,-Inexistente-,,,99,NINGUNO,99,NINGUNO
243,Miguel de la Madrid,8,Unidad Deportiva,COMUDE,Lopez Portillo y Copositores,1,Unidad Deportiva,1,Público
244,Miguel Hidalgo,2B,Cancha,,Mariano Jiménez y Agua Fría,2,Cancha Individual,1,Público
245,Milpillas Mesa de San Juan,RS,Inexistente,,,99,NINGUNO,99,NINGUNO
247,Mirador de San Isidro (ó Mirador de la Cañada),3,Inexistente,,,99,NINGUNO,99,NINGUNO
248,Mirador del Sol,6,Parque Juan Rulfo,Junta de Colonos,Shamash y Labna,1,Unidad Deportiva,1,Público
249,Mirador Escondido,2B,-Inexistente-,,,99,NINGUNO,99,NINGUNO
250,Miramar,7,"Módulo Deportivo ""Miramar"" ",Consejo,"Puerto Manzanillo, Puerto Batabampo, Puerto Tampico y Puerto México (Dividido en 5 fracciones)",1,Unidad Deportiva,1,Público
251,Misión Jardines,4,Inexistente,,,99,NINGUNO,99,NINGUNO
252,Misión de San Isidro (ó Misión del Bosque),3,COMUDE,H: Ayuntamiento,Circuito Misión del Bosque y Misión Santa Elena,1,Unidad Deportiva,1,Público
254,Molino del Salvador,2B,-Inexistente-,,,99,NINGUNO,99,NINGUNO
255,Nextipac,RS,Lienzo Charro,,Leona Vicario,,Desconocido,2,Privado
255,Nextipac,RS,Cancha de Basquetball,,Plaza Cívica,2,Cancha Individual,1,Público
255,Nextipac,RS,Cancha de Fútbol Deportivo Azteca,,Calle Deportivo Azteca S/N,2,Cancha Individual,1,Público
258,Nueva Primavera (ó Colli Nueva Primavera),6,Cancha de Fútbol Rápido,Colonos,Andador Nueva Primavera y Banderas,2,Cancha Individual,1,Público
259,Nuevo México,4,Unidad Deportiva,Consejo,"2 de Febrero frente al Nº 3936, entre Guadalajara y Jalostotitlán",1,Unidad Deportiva,1,Público
260,Nuevo Vergel,2A,Cancha,Consejo,Carpinteros frente al Nº 313,2,Cancha Individual,1,Público
260,Nuevo Vergel,2A,Canchas de fútbol y básquetbol,,Carpinteros y Emiliano Zapata,2,Cancha Individual,1,Público
261,Palmira,8,Cancha de Fútbol,,Av. Cajetes y San José,2,Cancha Individual,1,Público
262,"Palmita, La",1B,-Inexistente-,,,99,NINGUNO,99,NINGUNO
263,Palo Gordo,RS,Cancha de futbol,,Conocido (Junto a la iglesia),2,Cancha Individual,1,Público
264,"Paraíso, El (ó Paraísos de la Seattle)",1B,"Unidad Deportiva, ""Los Paraísos""",COMUDE,San Isidro y Manuel M. Tortuledo,1,Unidad Deportiva,1,Público
266,Paraísos del Colli,7,Inexistente,,,99,NINGUNO,99,NINGUNO
267,Paraíso Los Pinos,8,Inxistente,,,,Desconocido,,Desconocido
268,Parque Industrial Belenes Norte,1A,Inexistente,,,99,NINGUNO,99,NINGUNO
269,Parques de la Castellana,5B,Inexistente,,,99,NINGUNO,99,NINGUNO
270,Parque Regency,5B,Inexistente,,,99,NINGUNO,99,NINGUNO
271,Parques de Tesistán,RS,Unidad Tesistán,Comude,Fray Miguel Pieras y San Mateo,1,Unidad Deportiva,1,Público
271,Parques de Tesistán,RS,Presbítero Salvador Sánchez Sánchez,Patronato,"Puente Chico No. 630, junto al Cecytej",1,Unidad Deportiva,1,Público
272,Parques de Zapopan,4,-inexistente-,,,99,NINGUNO,99,NINGUNO
273,Parques del Auditorio,2A,Cancha de Futbol,,González Gallo y Federalismo ,2,Cancha Individual,1,Público
273,Parques del Auditorio,2A,Cancha de Basquet bol,Consejo,"Plan de Ayala Nº 1789 y 1819, entre los andadores",2,Cancha Individual,1,Público
274,Paseos del Briseño,8,Unidad Deportiva,Consejo,"Paseo de la Familia frente al 143, entre Paseos de la Senectud y Lim. Der. de linea de alta tensión",1,Unidad Deportiva,1,Público
274,Paseos del Briseño,8,Canchas,,"Unidad deportiva, Paseo de la familia",2,Cancha Individual,1,Público
275,Paseos del Sol ,6,"Módulo Deportivo ""Paseos del Sol""",Consejo,"Tomás Balcazár Nº 5665, esq. Jesús Sánchez Carillon 2da. sección",1,Unidad Deportiva,1,Público
275,Paseos del Sol ,6,"Cancha Deportiva ""Parque Infantil""",Consejo,"Antonio Palafox frente al Nº 1329 y Gustavo peña, 2da. sección",2,Cancha Individual,1,Público
277,Paso de Guadalupe (ó El Morado),RN,Inexistente,,,99,NINGUNO,99,NINGUNO
282,Pedregal de Zapopan,2B,-Inexistente-,,,99,NINGUNO,99,NINGUNO
283,Pedro Moreno,1B,-Inexistente-,,,99,NINGUNO,99,NINGUNO
285,Pinar de la Calma,6,Cancha de Basquet ball,,Av. del Pinar y Yagul,2,Cancha Individual,1,Público
285,Pinar de la Calma,6,Cancha de Voleibol,,Av. Pinar y Yagul,2,Cancha Individual,1,Público
287,"Pinos Campestre, Los",8,Inexistente,,,99,NINGUNO,99,NINGUNO
289,Pirámides,6,- Inexistente -,,,99,NINGUNO,99,NINGUNO
291,Praderas de San Antonio,4,- Inexistente -,,,99,NINGUNO,99,NINGUNO
293,Prados de Santa Lucia ,RS,Campo de Fútbol,,Guillermo Prieto y Libertad,2,Cancha Individual,1,Público
295,Prados Tepeyac,6,"Gimnacio ""Gold´s G y M",,Prados Laureles y Xochitl,99,NINGUNO,2,Privado
297,"Primavera, La",RS,Club Deportivo de la Universidad de Guadalajara,U de G,Km. 24 Carretera Nogales vía libre; tel. 31514080/31514081; de lunes a domingo las 24 hrs.,1,Unidad Deportiva,2,Privado
297,"Primavera, La",RS,Cancha de fútbol,Consejo,Pedro Moreno esq. Enrique Faudón,2,Cancha Individual,1,Público
298,Primavera Norte,6,Cancha futbol rapido,,Playa Bonita y Playa Verde,2,Cancha Individual,1,Público
298,Primavera Norte,6,- Inexistente -,,,99,NINGUNO,99,NINGUNO
301,Puerta del Sol,5B,Parque Virreyes  (Pista de Atletismo),Asociación Civil,"Av. Paseo de los Virreyes N° 555, ",2,Cancha Individual,1,Público
302,Rancho Contento,RS,"Canchas de Tenis, Fútbol, Basquet, Campo de Golf 9 hoyos, Alberca, Gimnasio, ",Vecinos,Rancho Contento,3,Club Deportivo,2,Privado
303,Rancho El Centinela,3,Inexistente,,,99,NINGUNO,99,NINGUNO
304,Rancho el Sol (ó Placita del Sol),3,- Inexistente -,,,99,NINGUNO,99,NINGUNO
309,"Rehilete, El",7,Inexistente,,,99,NINGUNO,99,NINGUNO
310,Residencial Arboledas,6,Inexistente,,,99,NINGUNO,99,NINGUNO
312,Residencial Cordilleras,5A,Unidad Deportiva,COMUDE,Esquina de las calles Hector Berlioz y Geroge F. Handel,1,Unidad Deportiva,1,Público
314,Residencial del Bosque,8,Inexistente,,,99,NINGUNO,99,NINGUNO
315,Residencial Guadalupe,5A,Inexistente,,,99,NINGUNO,99,NINGUNO
318,Residencial Moctezuma,6,Cancha,Consejo,"José María, Severo Díaz y Playa Blanca",2,Cancha Individual,1,Público
319,Residencial Moctezuma Poniente,6,Parque Moctezuma Poniente,Pública,"Playa de Santiago, entre Volcán Tancítaro y Av. Paseo de los Volcanes",2,Cancha Individual,1,Público
322,Residencial Plaza Guadalupe,5A,Cancha,Comude,"Entre las calles Misión de San Antonio, Misión San Patricio y Misi{on San Fernando.",2,Cancha Individual,1,Público
322,Residencial Plaza Guadalupe,5A,Canchas deportivas,Comude,Av. Hidalgo y Moctezuma,2,Cancha Individual,1,Público
324,Residencial Victoria,6,Inexistente,,,99,NINGUNO,99,NINGUNO
325,Rinconada del Auditorio,2A,Unidad Deportiva (cancha de futbol y basquet bol),COMUDE,Pról. Federalismo ,1,Unidad Deportiva,,Desconocido
325,Rinconada del Auditorio,2A,Cancha de Futbol,,González Gallo y Margarita Maza de Juarez ,2,Cancha Individual,1,Público
327,Rinconada Del Iris,8,Inexistente,,,99,NINGUNO,99,NINGUNO
329,Rinconada del Sol,6,Inexistente,,,99,NINGUNO,99,NINGUNO
330,Rinconada La Azalea,1B,-Inexistente-,,,99,NINGUNO,99,NINGUNO
331,Rinconada del Valle,5A,Inexistente,,,99,NINGUNO,99,NINGUNO
332,Rinconada de la Calma,6,inexistente,,,99,NINGUNO,99,NINGUNO
333,Rinconada de la Joya,6,Canchas de Tenis,Local,Rinconada la Joya,2,Cancha Individual,2,Privado
335,Rinconada de Santa Rita,5B,Unidad Santa Rita,Colonos,Rinconada de la Camelia No 3800,1,Unidad Deportiva,2,Privado
337,Río Blanco,RN,Cancha de futbol,,Calle Morelos,2,Cancha Individual,1,Público
338,Roberto Orozco,RS,- Inexistente -,,,99,NINGUNO,99,NINGUNO
339,"Robles, Los",3,Unidad Deportiva Campestre los Robles,COMUDE,"Calle 8, frente al 480",1,Unidad Deportiva,1,Público
339,"Robles, Los",3,Cancha de voleibol,Coto,"Calle 8 y Cerrada, Coto Santa Luza",2,Cancha Individual,2,Privado
339,"Robles, Los",3,Cancha de basquetbol,,Calle 8 y Cerrrada (Coto Santa Luza),2,Cancha Individual,2,Privado
339,"Robles, Los",3,Cancha de futbol,,Av. Los Robles y Calle 3,2,Cancha Individual,1,Público
340,"Rodeo, El",RS,Inexistente,,,99,NINGUNO,99,NINGUNO
341,Royal Country,5B,Cancha de Tenis,Condominio,"La Colina Coto N° 5395, Casa Club",2,Cancha Individual,2,Privado
341,Royal Country,5B,Cancha de Tenis,Condominio,La Campiña (casa club),2,Cancha Individual,2,Privado
341,Royal Country,5B,Cancha Tenis,Condominio,Pradera (casa club),2,Cancha Individual,2,Privado
341,Royal Country,5B,cancha de Tenis,Condominio,La Loma,2,Cancha Individual,2,Privado
341,Royal Country,5B,Cancha de Tenis,Condominios,Alameda (casa club9,2,Cancha Individual,2,Privado
342,San Bernardo,5B,Inexistente,,,99,NINGUNO,99,NINGUNO
343,San Esteban,RN,Cancha de Futbol,,La Tarjea,2,Cancha Individual,1,Público
346,San Isidro Poblado,RN,Inexistente,,,99,NINGUNO,99,NINGUNO
349,San Juan de Ocotán,4,Unidad Deportiva,Consejo,,1,Unidad Deportiva,1,Público
349,San Juan de Ocotán,4,Cancha de fut bol,,Libertad frente al grupo AA,2,Cancha Individual,1,Público
349,San Juan de Ocotán,4,Cancha,Consejo,Hidalgo casi esquina Ocampo,2,Cancha Individual,1,Público
349,San Juan de Ocotán,4,"Cancha Deportiva ""Aviación""",Consejo,"Av. Aviación Nº 250, esquina 5 de mayo",2,Cancha Individual,1,Público
350,San Lorenzo,RN,"La peña ""Voladero"" o ""Cuajo""",,Es utilizada por escaladores ,,Desconocido,1,Público
350,San Lorenzo,RN,Cancha multiusos,,Galeana,1,Unidad Deportiva,1,Público
353,San Miguel Tateposco,RN,Cancha de Fub-ball San Miguel Tateposco,Asociacion Vecinal,Calle Remudadero S/N y Juan Vera,2,Cancha Individual,1,Público
354,San Nicolás de los Belenes,2A,-Inexistente-,,,99,NINGUNO,99,NINGUNO
357,Santa Catalina,6,Inexistente,,,99,NINGUNO,99,NINGUNO
358,Santa Fé,1A,Area Recreativa con Cancha Basquetball y Juegos Infantiles,Propiedad del Gobierno del estado,Avila Camacho y Av. Patria,2,Cancha Individual,,Desconocido
358,Santa Fé,1A,"Cancha Deportiva ""El Polvorin""",Consejo,,2,Cancha Individual,1,Público
360,Santa Lucía,RS,Campo de Fútbol Santa Lucía,Vecinos,"Niños Héroes S/N, Cerrada",2,Cancha Individual,1,Público
360,Santa Lucía,RS,Lienzo Charro Santa Lucía,,"Emiliano Zapata, casi esq. Corregidora",3,Club Deportivo,2,Privado
361,Santa Margarita 1ra. Sección,1A,Unidad Deportiva,Consejo,Santa Clara y Santa Laura,1,Unidad Deportiva,1,Público
363,Santa Margarita Residencial,4,Unidad Deportiva,COMUDE,Marina Mazamitla y Diagonal Sta. Fe,1,Unidad Deportiva,1,Público
364,Santa Maria del Pueblito,5A,Unidad Deportiva,Consejo,Independencia esquina Morelos,1,Unidad Deportiva,1,Público
364,Santa Maria del Pueblito,5A,Cancha de Basquetbol,,Guadalupe Victoria y 16 de septiembre,2,Cancha Individual,1,Público
365,Santa Mónica de los Chorritos,RS,- Inexistente -,,,99,NINGUNO,99,NINGUNO
366,Santa Paula,1B,-Inexistente-,,,99,NINGUNO,99,NINGUNO
367,Seattle,1B,"Club de Tenis "" Gdl Country Seattle A.C."" ",,Calle D y San Jorge,3,Club Deportivo,2,Privado
368,Seattle  Habitacional ,1B,-Inexistente-,,,99,NINGUNO,99,NINGUNO
369,"Soledad de Nextipac, La",RS,- Inexistente -,,,99,NINGUNO,99,NINGUNO
370,Tabachines,2A,-Inexistente-,,,99,NINGUNO,99,NINGUNO
372,Tepeyac Casino,5A,Cancha,Consejo,Av. Tepeyac y Av. Nacionalidad,2,Cancha Individual,1,Público
373,Tesistán,RS,-Inexistente-,,,99,NINGUNO,99,NINGUNO
374,"Tigre I, El",3,- Inexistente -,,,99,NINGUNO,99,NINGUNO
376,"Triángulo, El",4,- Inexistente -,,,99,NINGUNO,99,NINGUNO
377,"Tuzanía , La",4,Unidad Deportiva,Comude,Periférico Nte. Manuel Goméz Morín y Zarzamora,1,Unidad Deportiva,1,Público
377,"Tuzanía , La",4,Cancha de basquet Bol ,,Fresas y Bellotas,2,Cancha Individual,1,Público
378,Tuzanía Ejidal,4,Inexistente,,,99,NINGUNO,99,NINGUNO
379,Unidad Auditorio,2A,Cancha,Consejo,Waterpolo frente al Nº 687 esquina Periférico,2,Cancha Individual,1,Público
381,Unidad Gustavo Díaz Ordaz,6,Cancha,Vecinos,"Calle Tlatelolco, entre Andador Tlatelolco y Cancún",2,Cancha Individual,1,Público
382,Unidad Fovissste (Estatuto Jurídico).,1A,Cancha,COMUDE,Manzana 4,2,Cancha Individual,1,Público
384,Unidad Patria,1B,-Inexistente-,,,99,NINGUNO,99,NINGUNO
385,Unidad República,1A,Unidad Deportiva,Consejo,,1,Unidad Deportiva,1,Público
388,Valle de Atemajac,2A,Inexistente,,,99,NINGUNO,99,NINGUNO
389,Valle de Bugambilias,8,Inexistente,,,99,NINGUNO,99,NINGUNO
392,Valle Escondido,4,Inexistente,,,99,NINGUNO,99,NINGUNO
394,Venta del Astillero,RS,Cancha de futbol,,La Primavera y Lazaro Cardenas,,Desconocido,,Desconocido
394,Venta del Astillero,RS,"Club Cinegético Jalisciense, A. C.",,Km. 17.5 Carretera a Nogales; tel. 31510605/31510001; de martes a domingo de 09:00 a 18:00 hrs.,1,Unidad Deportiva,2,Privado
394,Venta del Astillero,RS,Rancho Contento Golf Course,,"Km. 15, Carretera a Nogales; Tel. 36821154/36821026",1,Unidad Deportiva,2,Privado
394,Venta del Astillero,RS,Cancha de futbol,Delegación,Camino a Nextipac frente al 125 esquina Petronilo Orozco,2,Cancha Individual,1,Público
394,Venta del Astillero,RS,Cancha de Futbol,,Tesistan y Agustín Yañez,2,Cancha Individual,1,Público
394,Venta del Astillero,RS,Cancha de Basquetbol,Comude,Juan Gil Preciado esquina Lázaro Cárdenas,2,Cancha Individual,1,Público
395,Venustiano Carranza,1B,Cancha de Fut-Bol,Colonos ,Manuel Anaya y A. Rosales,2,Cancha Individual,1,Público
396,"Vicente Guerrero (ampliación Vicente Guerrero, Rincón)",3,Inexistente,,,99,NINGUNO,99,NINGUNO
398,Víctor Hugo,1B,Cancha,Consejo,Victor Hugo esquina Arbolito (junto a la escuela),2,Cancha Individual,1,Público
399,"Vigía, El",1B,Unidad Deportiva,Consejo,,1,Unidad Deportiva,1,Público
401,Villa Coral,1A,Club Deportivo,,Dentro de la Colonia,3,Club Deportivo,2,Privado
402,Villa de los Belenes,1B,-Inexistente-,,,99,NINGUNO,99,NINGUNO
404,Villa Puerta del Sol,6,,,,99,NINGUNO,99,NINGUNO
407,Villas Alcalde,1B,-Inexistente-,,,99,NINGUNO,99,NINGUNO
408,Villas de Guadalupe,2B,"Módulo Deportivo ""Comunidad Indigena de Mezquitán""",Consejo,Febronio Lara No. 2880 entre Ma. Perfecta Llamas esquina ,1,Unidad Deportiva,1,Público
408,Villas de Guadalupe,2B,Villa Sport,Particular,Casiano Torres e Hipólito Hernández.,1,Unidad Deportiva,2,Privado
408,Villas de Guadalupe,2B,Módulo Deportivo Municipal ,,María Perfecta Llamas esquina Febronio Lara ,1,Unidad Deportiva,,Desconocido
408,Villas de Guadalupe,2B,Cancha,,"Centro de Bienestar del IMSS Solidaridad, en Pío V Enríquez 156 ",2,Cancha Individual,1,Público
409,Villas del Marquez (Villas del Parque),2A,-Inexistente-,,,99,NINGUNO,99,NINGUNO
411,Villas La Loma,3,Cancha multiusos,,Camellón de Avenida de las Calandrias,2,Cancha Individual,1,Público
411,Villas La Loma,3,Cancha de futbol,,Camellón de Av. de las Calandrias,2,Cancha Individual,1,Público
411,Villas La Loma,3,Cancha de Mini Futbol,,Camellón de Av. de las Calandrias,2,Cancha Individual,1,Público
411,Villas La Loma,3,Lienzo Charro Zapopan,,Av. de las Calandrias y Orquídea,3,Club Deportivo,2,Privado
414,Villas de Tepeyac,6,- Inexistente -,,,99,NINGUNO,99,NINGUNO
416,Villas Vallarta,5A,Unidad Jocotán,Comude,Manuel M. Dieguez y Novelistas,1,Unidad Deportiva,1,Público
418,Vista Hermosa,2B,,,,,Desconocido,,Desconocido
418,Vista Hermosa,2B,Juegos infantiles,,"Puesta del sol, en CDC",,Desconocido,,Desconocido
419,Vista del Sol,8,Área Común Cancha de Tenis,,circuito Vista del Sol,2,Cancha Individual,2,Privado
420,Volcán del Colli,5A,Inexistente,,,99,NINGUNO,99,NINGUNO
421,"Zapote, El   ",6,"Unidad Deportiva ""El Zapote!""",COMUDE,Chimalpopoca y Apatzingar,1,Unidad Deportiva,1,Público
422,Zoquipan,1B,COMUDE,,Laguna de Términos y Lago Tequesquitengo,1,Unidad Deportiva,1,Público
423,Hospital San Juan de Dios,1B,"Canchas (Fútbol, baloncesto y voleibol)",Orden religiosa San Juan de Dios,Av. Laureles No. 55,2,Cancha Individual,2,Privado
426,"Noria, La",,- Inexistente -,,,99,NINGUNO,99,NINGUNO
427,Quinta Federalismo,,- Inexistente -,,,99,NINGUNO,99,NINGUNO
428,"Tempisque, El",,Campo de Fútbol del Tempisque,Gente del Rancho,Conocido,2,Cancha Individual,1,Público
429,Mesón de Copala,,- Inexistente -,,,99,NINGUNO,99,NINGUNO
430,Villas de Nuevo México,,- Inexistente -,,,99,NINGUNO,99,NINGUNO
431,"Soledad de Ixcatán, La",,Cancha de básquetbol,,Conocido,2,Cancha Individual,1,Público
432,Jardines de San Gonzalo,,- Inexistente -,,,99,NINGUNO,99,NINGUNO
434,Fuentecillas,,- Inexistente -,,,99,NINGUNO,99,NINGUNO
435,"Golondrinas, Las",,- Inexistente -,,,99,NINGUNO,99,NINGUNO
436,Villas de Tesistán,RS,Cancha de básquetbol,,Circuito de las Flores Sur y Circuito de las Mimosas,2,Cancha Individual,1,Público
437,Lomas de San Gonzalo,0,Cancha de Basquetbol,,Condominio San Clemente y San Miguel Oriente,2,Cancha Individual,1,Público
438,Campestre Lomas de Tesistán,,-Inexistente-,,,99,NINGUNO,99,NINGUNO
439,"Joyitas, Las",,Inexistente,,,99,NINGUNO,99,NINGUNO
440,Vistas de Tesistán,,Mini Cancha de Fútbol,Vecinos,Paseo del Granado 121,2,Cancha Individual,1,Público
441,Praderas de Tesistán,,Inexistente,,,99,NINGUNO,99,NINGUNO
442,Hacienda Las Palomas,,Inexistente,,,99,NINGUNO,99,NINGUNO
443,Ampliación Santa Lucía,RS,Cancha de Fútbol,Se desconoce,Camino a la Sierra y San Antonio,2,Cancha Individual,1,Público
443,Ampliación Santa Lucía,RS,Cancha de Fútbol,Se desconoce,Juan de la Barrera y López Mateos,2,Cancha Individual,1,Público
446,Revolución,RS,-Inexistente-,,,99,NINGUNO,99,NINGUNO
447,"Mirasoles, Los",,-Inexistente-,,,99,NINGUNO,99,NINGUNO
448,"Providencia, La",,-Inexistente-,,,99,NINGUNO,99,NINGUNO
449,Villas de Santa Lucía,RS,- Inexistente -,,,99,NINGUNO,99,NINGUNO
450,"Cerrito, El (de Nextipac)",RS,- Inexistente -,,,99,NINGUNO,99,NINGUNO
451,Cerca Morada,RS,Inexistente,,,99,NINGUNO,99,NINGUNO
452,Misión La Floresta,,Cancha de basquetball.,Condominio,Guardia Nacional y Bambú,2,Cancha Individual,1,Público
453,Rinconada del Parque,,- Inexistente -,,,99,NINGUNO,99,NINGUNO
454,Colinas del Río,3,- Inexistente -,,,99,NINGUNO,99,NINGUNO
455,Villa Hermosa,RS,- Inexistente -,,,99,NINGUNO,99,NINGUNO
456,"Ángeles de Nextipac, Los",RS,Cancha de fútbol,,Entre Magnolia y Lluvia de oro,2,Cancha Individual,1,Público
457,San Rafael (poblado),RN,Cancha de basquetbol,,San Rafael y San Francisco,2,Cancha Individual,1,Público
458,"Cohetero, El (poblado)",,- Inexistente -,,,99,NINGUNO,99,NINGUNO
459,"Quemado, El (poblado)",RN,- Inexistente -,,,99,NINGUNO,99,NINGUNO
460,Villas del Valle,3,Pista de carreras,,Valle de Atotonilco y Valle de Atemajac,2,Cancha Individual,1,Público
460,Villas del Valle,3,Cancha de basquetbol,,Valle de Atotonilco y Valle de Atemajac,2,Cancha Individual,1,Público
461,Campo Real,3,Cancha de basquetbol,,Av. Paraiso Poniente,,Desconocido,2,Privado
462,Bosque Valdepeñas,3,- Inexistente -,,,99,NINGUNO,99,NINGUNO
463,Hacienda del Sol,3,- Inexistente -,,,99,NINGUNO,99,NINGUNO
464,Valdepeñas II,3,- Inexistente -,,,99,NINGUNO,99,NINGUNO
465,Punta Valdepeñas,3,- Inexistente -,,,99,NINGUNO,99,NINGUNO
466,Real Valdepeñas,3,- Inexistente -,,,99,NINGUNO,99,NINGUNO
467,Real de Tesistán,,- Inexistente -,,,99,NINGUNO,99,NINGUNO
468,Altus Quintas,0,- Inexistente -,,,99,NINGUNO,99,NINGUNO
469,Colonos de Tesistán,,Cancha de fútbol,,Duraznos,2,Cancha Individual,2,Privado
470,Real Casablanca,,Cancha multiusos,,Casa Blanca 65,2,Cancha Individual,1,Público
471,Jardines de las Fuentes,45200,- Inexistente -,,,99,NINGUNO,99,NINGUNO
472,Molinos,,Cancha de Basquet,,Molino de agua y Linasa,,Desconocido,1,Público
473,Extramuro,,- Inexistente -,,,99,NINGUNO,99,NINGUNO
474,Parques Tepeyac,0,Unidad deportiva,Colonos,Periférico y calle Benito Júarez,1,Unidad Deportiva,2,Privado
475,Quinta del bosque,,Inexistente,,,99,NINGUNO,99,NINGUNO
476,Crucero de Ameca,Zona Rural,Inexistente,,,99,NINGUNO,99,NINGUNO
477,Miramar Poniente,,Inexistente,,,99,NINGUNO,99,NINGUNO
478,"Fortín II, El",7,Inexistente,,,99,NINGUNO,99,NINGUNO
479,Villas del Ixtépete,8,Cancha de Básquetbol,,Villas Aztlán s/n,2,Cancha Individual,1,Público
480,Nuevo México Sur,4,Inexistente,,,99,NINGUNO,99,NINGUNO
481,Anexo a Jardines del Vergel,2A,Inexistente,,,99,NINGUNO,99,NINGUNO
482,Lomas Campestres Las Mesitas,RS,Cancha de Basquetbol,,Paseo de los Laureles,2,Cancha Individual,1,Público
484,Residencial del Parque Metropolitano,5A,Inexistente,,,99,NINGUNO,99,NINGUNO
485,Lomas del Pedregal,RN,Inexistente,,,99,NINGUNO,99,NINGUNO
485,Lomas del Pedregal,RN,Inexistente,,,99,NINGUNO,99,NINGUNO
487,Granjas y Huertos San José,,Inexistente,,,99,NINGUNO,99,NINGUNO
488,Villas de Monticello,,Inexistente,,,99,NINGUNO,99,NINGUNO
489,"Pedregal (de Milpillas), El",,Inexistente,,,99,NINGUNO,99,NINGUNO
490,"Taray, El",,Inexistente,,,99,NINGUNO,99,NINGUNO
491,Cabañas de la Barranca,,Inexistente,,,99,NINGUNO,99,NINGUNO
492,Kilómetro 10 (carr. a Colotlán),,Huracán F.C.  (Futbol),Privado,Domicilio Conocido,2,Cancha Individual,2,Privado
493,Prados de Nextipac,,Inexistente,,,99,NINGUNO,99,NINGUNO
494,"Soledad de afuera, La",,Campo de futbol ,,Calle Paraíso y la Aurora,2,Cancha Individual,2,Privado
495,Canteras del Centinela,,Inexistente,,,99,NINGUNO,99,NINGUNO
496,Parques del Centinela Residencial,,Cancha de Basquetbol,,Circuito Parques del Centinela,2,Cancha Individual,1,Público
496,Parques del Centinela Residencial,,Cancha de Tenis,,Circuito Parques del Centinela,2,Cancha Individual,1,Público
497,San Isidro Residencial,,Inexistente,,,99,NINGUNO,99,NINGUNO
498,Quintas del Valle,,Cancha de Basquetbol,,Valle de las Quintas Oriente,2,Cancha Individual,1,Público
499,Misión del Valle,,Unidad Deportiva,,Prolongación Acueducto y Escuadrón 201,1,Unidad Deportiva,1,Público
499,Misión del Valle,,Cancha de basquetbol/futbol rápido,,Calle Acueducto y Escuadrón 201,2,Cancha Individual,1,Público
500,"Mandarinos, Los",,Cancha de basquetbol,,Valle de México y Privada Mandarinas Poniente,2,Cancha Individual,1,Público
501,Viveros del Valle,,Inexistente,,,99,NINGUNO,99,NINGUNO
502,Rinconadas del Aire,,Cancha de Basquetbol,,Calle Rinconada,2,Cancha Individual,1,Público
503,Flores del Valle,,Inexistente,,,99,NINGUNO,99,NINGUNO
504,Villas Muro Vekio,,Inexistente,,,99,NINGUNO,99,NINGUNO
505,Puerta la Plata,,Inexistente,,,99,NINGUNO,99,NINGUNO
506,Jardines de los Pinos,,Cancha de Basquet bol,Colonos,Privada Compositores,2,Cancha Individual,2,Privado
507,Portales de Santa Ana,,Inexistente,,,99,NINGUNO,99,NINGUNO
508,Villas Perisur,,Cancha de basquetbol,,Calle de la Esperanza,2,Cancha Individual,1,Público
509,Villa Bonita,,Unidad Deportiva Sindical SNTSS,SNTSS,Calle Mateo del Regil,1,Unidad Deportiva,2,Privado
510,Jardines del Álamo,RS,Inexistente,,,99,NINGUNO,99,NINGUNO
511,San Gerónimo,RS,Inexistente,,,99,NINGUNO,99,NINGUNO
512,Villas del Centinela,,Cancha de basquetbol,Vecinos,Bosques de Jalisco y Bosque del Centinela,2,Cancha Individual,1,Público
512,Villas del Centinela,,Cancha de basquetbol,Vecinos,Bosques de Aguascalientes y Bosques del Centinela,2,Cancha Individual,1,Público
513,Unidad Habitacional Los Belenes,,Inexistente,,,99,NINGUNO,99,NINGUNO
514,Senderos del Centinela,,Inexistente,,,99,NINGUNO,99,NINGUNO
515,Rinconada de los Sauces,,Cancha multiusos,,Rinconada de los Sauces y Privada Sauces,2,Cancha Individual,1,Público
515,Rinconada de los Sauces,,"Cancha de Futbol Rápido  ""San Isidro Soccer""",,Prolongación Pino Suárez y Rinconada de los Sauces,2,Cancha Individual,2,Privado
516,Valle de los Sauces (ó Rinconada San Isidro),,Cancha de basquetbol,Vecinos,Rinconada de los Pinos y Rinconada de los Laureles Poniente,2,Cancha Individual,1,Público
517,Haciendas la Herradura,,Inexistente,,,99,NINGUNO,99,NINGUNO
518,Valle de Nuevo México,3,Cancha de  basquetbol,,Paloma y Continuación Venustiano Carranza,2,Cancha Individual,1,Público
519,Bosque de los Encinos,3,Inexistente,,,99,NINGUNO,99,NINGUNO
520,Bosques de San Gonzalo,3,Inexistente,,,99,NINGUNO,99,NINGUNO
521,Porta Real,,Inexistente,,,99,NINGUNO,99,NINGUNO
522,Solares,,Gimnasio con alberca,,Coto Cinco,3,Club Deportivo,2,Privado
522,Solares,,Gimnasio con alberca,,Coto cuatro,3,Club Deportivo,2,Privado
522,Solares,,Gimnasio con alberca,,Coto uno,3,Club Deportivo,2,Privado
522,Solares,,Gimnasio con alberca,,Coto tres,3,Club Deportivo,2,Privado
522,Solares,,Gimnasio con alberca,,Coto Solares Antara,3,Club Deportivo,2,Privado
522,Solares,,Gimnasio con alberca,,Coto Seis,3,Club Deportivo,2,Privado
522,Solares,,Gimnasio con alberca,,Coto Saveira,3,Club Deportivo,2,Privado
522,Solares,,Gimnasio con alberca,,Coto dos,3,Club Deportivo,2,Privado
522,Solares,,Gimnasio con alberca,,Coto Santa Rosa,3,Club Deportivo,2,Privado
523,Altamira (Coto Privado),,Inexistente,,,99,NINGUNO,99,NINGUNO
524,Santa Catalina Hábitat Residencial,,Cancha de Basquet bol,,Santa Catalina Poniente,2,Cancha Individual,2,Privado
525,Puerta del Llano,,Cancha de Basquetbol,,Angus N° 355,2,Cancha Individual,1,Público
525,Puerta del Llano,,Cancha de Basquetbol,,Indubrasil,2,Cancha Individual,1,Público
526,Arauca,,Inexistente,,,99,NINGUNO,99,NINGUNO
527,Zapote (Nuevo México),3,Inexistente,,,99,NINGUNO,99,NINGUNO
528,"Tizate, El",7,Fut bool,,,2,Cancha Individual,2,Privado
529,"Patios, Los",RN,Cancha deportiva,,A un costado de la Casa de Salud,2,Cancha Individual,1,Público
530,Bolsa del Rayo,RN,Inexistente,,,99,NINGUNO,99,NINGUNO
531,"Cuchilla, La (ó Valle de la Providencia)",RN,Inexistente,,,99,NINGUNO,99,NINGUNO
532,San Rafael Tercero,RN,Cancha de Funtbol,,Calle San Rafael,2,Cancha Individual,1,Público
533,"Tarjea, La",RN,Inexistente,,,99,NINGUNO,99,NINGUNO
534,Real del Bosque,,Cancha de futbol,,Paseo de la Realeza y Real del Bosque,,Desconocido,2,Privado
535,Paseos del Camichín,,Cancha de futbol rapido,,Rinconada del Camichin,,Desconocido,,Desconocido
535,Paseos del Camichín,,Cancha de basquet,,Rinconada del Camichin y Caoba,,Desconocido,,Desconocido
537,"Fuerte, El",,Cancha de futbol,Coto,Interior del Coto,,Desconocido,2,Privado
540,Valle de los Molinos,,Cancha de futbol,,Valle de Zapopan y Valle de los Molinos,,Desconocido,1,Público
540,Valle de los Molinos,,Juegos infantiles y Cancha de basquet,,Valle de Zapopan,,Desconocido,1,Público
543,Girasoles Acueducto,,Cancha multiusos,COMUDE,Azaleas Norte y Privado Crisantemas,,Desconocido,2,Privado
547,Lago Real,,Cancha de basquetbol,,Av. Lago Real,,Desconocido,1,Público
