Religión,,,,,,,
Unidad,Nombre Unidad,Zona Coplademun,Templo,Religión,Descripción Religión,Ubicación,Ministro o Responsable
1,12 de diciembre,7,Capilla de Nuestra Señora de Guadalupe,1,Católica,"San Silvestre No. 1, entre Volcán Quinceo y San Martín",Francisco Estrada Ortega
2,27 de Septiembre,1B,La Sagrada Familia de Nazaret,1,Católica,"Natividad Macías Nº 362, Tel. 36.60.74.15",
3,"Abetos, Los",1B,Inexistente,99,NINGUNO,,
6,"Agrícola, La",8,María Puerta del Cielo,1,Católica,En Obelisco entre Hortencia y Gladiola,
6,"Agrícola, La",8,Templo Cristiano,2,Cristiana,Por Flor y San Jorge,
6,"Agrícola, La",8,Templo Cristiano ,2,Cristiana,Por Hortencia y Clavel,
7,Agua Blanca Poblado,8,Nuestra Señora de Guadalupe,1,Católica,"Guadalupe Gallo 87, esq. Vicente Guerrero",Jesús Flores Ayala
7,Agua Blanca Poblado,8,"Misioneros de Oblatos ""La sagrada familia""",1,Católica,"Francisco Villa 53, Tel 36843748",
8,Agua Blanca Industrial,8,"Parroquia ""La Sagrada Familia""",1,Católica,Francisco I. Madero No. 975  Tel. 36843748,Salvador Ortega
10,Agua Fría,2A,Iglesia Agua Viva,,Desconocido,Priv. Abel Salgado y Agua Clara # 27,
10,Agua Fría,2A,San Genaro,,Desconocido,J. Gil Aguilar No. 492,
10,Agua Fría,2A,Templo El Camino de la Cruz,1,Católica,Agua Azul y Agua Roja,
11,"Águilas, Las",6,"Centro de Palabar, Fe y Gracia",,Desconocido,"Río Tequila 646, Tel. 31200373",www.centrodepalabradefe.com
11,"Águilas, Las",6,Iglesia de Jesucristo de los Santos de los Últimos Días,,Desconocido,"18 de marzo No. 3088, y Sierra de Mazamitla",
11,"Águilas, Las",6,"Parroquia ""Santa Rosa Lima""",1,Católica,"Av. 18 de Marzo Nº 5191, Tel. 36321395 y 36323544",
11,"Águilas, Las",6,El Shaddai (Cristiana),2,Cristiana,"Sierra de Pihuamo Nº 2028, Tel. 36326212",Responsable Rigo Vázquez
12,"Agujas, Las",RS,Nuestra Señora de Guadalupe,1,Católica,Hilo Blanco e Hilo Verde,
12,"Agujas, Las",RS,Iglesia Apostólica,16,Apostólica de la Fe en Cristo Jesús,Hilo Amarillo No. 48,
13,Alameda de Tesistán,2A,Centro Evangélico Cristiano,3,Evangélica,Calzada de los Enebros y Av. Jardines del Vergel.,
14,"Alameda, La",6,San Sabas Mártir,1,Católica,"Jesús del Muro Nº 1357, Tel. 36322805",
15,"Alamitos, Los",3,San Antonio de Padua,1,Católica,,
16,Altagracia,3,Nuestra Señora Refugio de Pecadores,1,Católica,"Marbella Nº 2395, Tel. 36562626",
16,Altagracia,3,Nuestra Señora de Altagracia,1,Católica,"Av. de la Mancha Nº 258, Tel. 36567824",
17,Altamira,1A,Nuestra Señora de Altamira,1,Católica,"Calle Hetitas y  Caldeos Nº 375, Tel. 36567939",
18,"Arboleda, La",1A,,1,Católica,"Centro Social ""Arboleda Infonavit""
Av. Sta. Margarita 140 Col. unidad Arboleda",
19,Arboledas,6,"Iglesia Cristiana Monte Jer. 31:25,",2,Cristiana,"Galileo Galilei Nº 4148, Tel. 36327170 / 36624768",Iván Caballero
20,Arcos de Guadalupe,5A,Iglesia de Dios en México,,Desconocido,Ecónomos 5563 y J. Brahms,
20,Arcos de Guadalupe,5A,Santiago Apóstol,1,Católica,"Comerciante Nº 5260, Tel. 36280345 y 36280352",
20,Arcos de Guadalupe,5A,Frente de Vida,2,Cristiana,"Av. San Luis Gonzaga No. 5370 y Rafael Sanzio, Tel. 36207768",
20,Arcos de Guadalupe,5A,Salón del Reino de los Testigos de Jehová,6,Testigos de Jehová,"Av. Guadalupe No. 5269, esq. Topógrafos",
21,Arcos de Zapopan,3,"Parroquia ""Nuestra Señora de la Caridad del Cobre""",1,Católica,"Arco de Tito y Arco Decio Nº 1202, Tel. 36363585",
21,Arcos de Zapopan,3,"Templo de la ""Divina Providencia""",1,Católica,Arco del Triunfo No. 1530 Tel. 38.33.06.73,
22,Arenales Tapatíos ,7,Dulce Corazón de María,1,Católica,Diamante 127 Tel. 31.80.38.48,
22,Arenales Tapatíos ,7,"Templo ""San Juan Diego""",1,Católica,Mercurio y Cobre Tel. 31.80.33.26,
22,Arenales Tapatíos ,7,Sagrado Corazón de Jesús,1,Católica,2da. Sección,
23,Arroyo Hondo 1ra. Sección,2A,Santiago Apóstol,1,Católica,"Vasco de Quiroga Nº 114, Tel. 36602511",
23,Arroyo Hondo 1ra. Sección,2A,Iglesia de La Luz del Mundo,4,La Luz del Mundo,Calle Prol. Federalismo y Saltillo,
24,Arroyo Hondo 2da. Sección,2B,San Miguel Arcángel,1,Católica,"Niño Artillero No. 32, Tel. 36603833, cruza con Las Torres",
25,Atemajac del Valle,1B,"Parroquia ""Nuestra Señora del Rosario""",1,Católica,"Emiliano Zapata Nº 75, Tel. 38231623",
27,Atlas Chapalita,5A,Inexistente,99,NINGUNO,,
28,"Aurora, La",1B,"Parroquia ""Santa Emerenciana""",1,Católica,"Alfonso Herrera No. 130, Tel: 3833 0115",
30,Azaleas Residencial,8,Inexistente,99,NINGUNO,,
31,"Bajío, El",RS,- Inexistente -,99,NINGUNO,,
32,Balcones de la Cantera,2A,Santo Niño de Atocha,1,Católica,"Oro Nº 24, Tel. 36600474",
32,Balcones de la Cantera,2A,Sagrado Corazón de Jesús,1,Católica,Esmeralda y Tepetate,
32,Balcones de la Cantera,2A,Salón del Reino de los Testigos de Jehová,6,Testigos de Jehová,Abel Salgado y Loma Bonita,
34,Balcones del Sol (ó Balcones del Colli),7,Monte de la Santa Cruz,1,Católica,Galeana y Priv. Galeana 2,
36,"Batán, El",1B,Santa María de la Divina Gracia,1,Católica,"Calle Veracruz, entre Pino Suárez y Colonias",
36,"Batán, El",1B,Nuestra Señora del Refugio,1,Católica,"José Palomar Nº 63, Tel. 36602254, Fax 3861 44-79",
38,Benito Juárez,2B,"Parroquia ""San José Esposo de María""",1,Católica,"Yahualica No. 4705 Tel. 36.60.38.33, Ingreso por Zapotlan",
39,Benito Juárez Auditorio,2A,-Inexistente-,99,NINGUNO,,
40,"Borrego, El",5-A,Inexistente,99,NINGUNO,,
43,Bosques de Zapopan,3,Inexistente,99,NINGUNO,,
44,Bosques del Centinela Ejidal,1B,Señor de las Maravillas,1,Católica,,
44,Bosques del Centinela Ejidal,1B,San Judas Tadeo,1,Católica,,
45,Brisas de la Primavera,7,Inexistente,99,NINGUNO,,
46,"Briseño, El",8,Servicio de Auxilio Nocturno Espiritual,,Desconocido,"San Felipe No. 50-B, Tel. 36841904",
46,"Briseño, El",8,Virgen de Guadalupe Madre de los Mexicanos,1,Católica,José López Portillo No. 255 Tel. 36.84.19.04,
46,"Briseño, El",8,Iglesia Cristiana en el Briseño,2,Cristiana,"Santa Clara No. 9, cruza con San Ignacio",
47,Bugambilias,8,Capilla De Nuestra Sra. De Guadalupe,1,Católica,Remanso Del Mapache Esq. Cto. Lince Norte,
47,Bugambilias,8,"Parroquia ""Nuestra Señora de Bugambilias""",1,Católica,Av. de las Magnolias No. 111 Tel. 36.84.59.57,
48,"Cabañitas, Las",1B,Nuestra Señora de la Paz,1,Católica,Cabañitas y Albañiles,
49,"Cajetes, Los",8,"Templo ""Espirítu Santo""",1,Católica,San José e Ing. Gomez,
50,Callejón del Parque,5B,- Inexistente -,99,NINGUNO,,
51,"Calma, La",6,Iglesia,,Desconocido,"Orión Nº 6320402, Tel. 36320402",Rafael Jiménez Valencia
51,"Calma, La",6,San Gerónimo,1,Católica,"Sagitario y Osa Menor Nº 4170, tel. 36321471",
51,"Calma, La",6,Iglesia Apostólica,16,Apostólica de la Fe en Cristo Jesús,"Adolfo López Mateos Nº 5110, Tel. 36322131",
51,"Calma, La",6,Monte Sión,16,Apostólica de la Fe en Cristo Jesús,Virgen Nº 5111,Luis Alfonso Fernández Figueroa
54,Camino Real,5A,"Templo ""Seminario Menor""",1,Católica,Lázaro Cárdenas No. 4249 Tel. 31.21.86.10,
54,Camino Real,5A,Parroquia de Guadalupe Chapalita,1,Católica,Juan de la Cruz y Santo Domingo de Guzmán,
55,"Campanario, El",8,De Todos los Santos,1,Católica,San Pedro y San Pablo entre San Isidro y Santa Lucia,
56,Campestre Las Palomas,RS,- Inexistente -,99,NINGUNO,,
58,"Canteros, Los",2B,San Pedro de la Cantera,1,Católica,Beles y Las Fuentes,
59,"Cañadas, Las (ó Bosques de San Isidro)",3,"Templo ""Nuestra Señora de Monserrat""",1,Católica,"Pablo Cazals S/N, Tel. 3685-0175",
61,Carlos Rivera Aceves,7,- Inexistente -,99,NINGUNO,,
62,"Carrizal, El",1B,- Inexistente -,99,NINGUNO,,
63,"Casita, La",4,-Inexistente-,99,NINGUNO,,
64,"Centinela, El (ó Colinas del Centinela)",3,- Inexistente -,99,NINGUNO,,
65,Centro (Cabecera),1A,Casa pastoral San Pedro Apóstol,1,Católica,Panteón N° 265,
65,Centro (Cabecera),1A,Jesús de Nazareth,1,Católica,Allende e Hidalgo,
65,Centro (Cabecera),1A,San Pedro,1,Católica,"Hidalgo Nº 75, Tel. 36330314",
65,Centro (Cabecera),1A,Basílica de Nuestra Señora de Zapopan,1,Católica,"Eva Briseño Nº 152, tel. 36336614",
66,"Cerritos, Los",RN,-Inexistente-,99,NINGUNO,,
67,Cerro de la Higuera,2B,-Inexistente-,99,NINGUNO,,
68,Chapalita de Occidente,5A,-Inexistente-,99,NINGUNO,,
69,Chapalita Las Fuentes,5A,- Inexistente -,99,NINGUNO,,
70,Chapalita Oriente,5A,"Centro de Misión ""Parroquia Guadalupe Chapalita""",1,Católica,Calle del Parque NO. 440,
70,Chapalita Oriente,5A,Prenoviciado Agustiniano,1,Católica,San Agustín No. 300,
70,Chapalita Oriente,5A,Santa Rita de Casia,1,Católica,Guadalupe y Santa Rita,
72,Chapalita Sur,6,Centro de Paz y Unidad A.C. (Misioneros Combonianos del C. de J. A.R.),1,Católica,"Ermita No. 647-15, Tel. 36285371 y 36285377",
75,"Ciudad de los Niños, Fraccionamiento",5A,Templo Ciudad de los Niños,1,Católica,Santa Teresa de Jesús No. 852,
76,Ciudad del Sol,6,San Antonio María Claret,1,Católica,"Tezozómoc Nº 175, tel. 31225431 y 31210087",J. Pablo Mena Hernández
77,Ciudad del Tepeyac,6,Templo San Alfonso Ma. de Ligorio,1,Católica,"Misión de San Antonio Nº 100, Tel. 36287671",
78,Ciudad Granja,5B,"Templo ""Nuestra Señora de San Juan de los Lagos""",1,Católica,"Circunvalación Otiente Nº 193, 36270276",
78,Ciudad Granja,5B,"Templo ""San Martín Obispo""",1,Católica,"Av. las Palmas 125 Tel. 36.27.04.49
",
78,Ciudad Granja,5B,"Templo Evangélico ""Bet el"" A.R.",3,Evangélica,"Av. Central No. 60, frente a Glorieta",
78,Ciudad Granja,5B,Iglesia Bautista,7,Baustista,Fresnos 47-A,
80,Colegio del Aire,4,- Inexistente -,99,NINGUNO,,
81,Colinas de Atemajac,1B,-Inexistente-,99,NINGUNO,,
82,Colinas de las Águilas,6,Iglesia Bíblica,,Desconocido,"Río Tepalcatepec No. 755, esq. Sierra de Tapalpa",
83,Colinas de la Primavera,7,Nuestra Señora del Rosario,1,Católica,Arandas y puente grande,
83,Colinas de la Primavera,7,"Templo ""Sagrado Corazón de Jesús""",1,Católica,Flor de jamaica y chapala,
84,Colinas de los Belenes,1B,"Templo ""De las Maravillas""",1,Católica,,
85,Colinas de los Robles,3,- Inexistente -,99,NINGUNO,,
86,Colinas de San Javier,5B,"Templo ""San Francisco Javier de las Colinas""",1,Católica,"Paseo de la Noria 3485, Tel. 36416705",Héctor T. Gómez Mendoza
87,Colinas de Tabachines,1B,-Inexistente-,99,NINGUNO,,
90,Colinas del Río Blanco,3,- Inexistente -,99,NINGUNO,,
91,Colli CTM,6,,1,Católica,Calle Rosendo Salazar y Calle CTM,David
93,Colli Primavera,7,"San Maximiliano Ma. Kolbe, San Cristóbal Magallanes",1,Católica,Playa de Hornos No. 1128,
95,Colli Poblado (ó Colli Ejidal),6,Nuestra Señora del Refugio,1,Católica,"Corona Nº 23, Tel. 36281585",Javier Espinoza
96,Colli Sitio,5A,"Capilla ""La Virgen de la Merced""",1,Católica,tepito N| 1150 con guerrero,
97,Colli Urbano ,6,Palabra de Vida (independiente),,Desconocido,"Volcán Etna Nº 2398, Tel. 36281862",
97,Colli Urbano ,6,Nuestra Señora de Guadalupe Reina de los Ángeles,1,Católica,"Volcán Boquerón Nº 1260, Tel. 36205705",
97,Colli Urbano ,6,María Reina de los Mártires,1,Católica,"Popocatépetl Nº 1821, Tel. 36205705",
97,Colli Urbano ,6,Misioneros de Oblatos / María Inmaculada,1,Católica,Voclán Jorullo 2047,
97,Colli Urbano ,6,Iglesia Bíblica Emmanuel (Bíblica Cristiana),2,Cristiana,"Privada Popocatépetl Nº 5812,",Víctor Suárez
97,Colli Urbano ,6,Iglesia Cristiana Bautista Nuevo Jerusalén,2,Cristiana,Volcán Ceboruco No. 1184,
97,Colli Urbano ,6,Iglesia Bíblica Ciudad del Sol,3,Evangélica,"Volcán Ajusco Nº 119, Tel. 30284141",Sr. Enrique González Gonzaga
97,Colli Urbano ,6,"Iglesia Bíblica Ciudad del Sol, A.R.",3,Evangélica,Volcán Popocatépetl No. 3321,
97,Colli Urbano ,6,Iglesia de Cristo ,6,Testigos de Jehová,"Volcán Popocatépetl Nº 2015, Tel. 36286818",José G. Palafox Haro
97,Colli Urbano ,6,Templo Cristiano Bíblico Fundamental Bautista,7,Baustista,"Volcán Paricutín Nº 4918, Tel. 317755/36200756, Apartado 31-181.","Mario L. Phillipe, Pastor Emérito"
97,Colli Urbano ,6,Unidad de México,13,Pentecostal,"Av. Volcán Ajusco Nº 1175, Tel 52-4674027",Rev. Tomás Drost
101,Conjunto Habitacional U.A.G.,1A,Parroquia del inmaculado corazon de Maria,1,Católica,Santa Aurelia y Santo Domingo,
101,Conjunto Habitacional U.A.G.,1A,San Juan Diego ,1,Católica,Calle San juan Diego y San Rafael,
103,Conjunto Laureles,1B,-Inexistente-,99,NINGUNO,,
105,Conjunto Ritz,1B,-Inexistente-,99,NINGUNO,,
106,Conjunto San Gilberto,1B,-Inexistente-,99,NINGUNO,,
107,Conjunto Zapopan,1B,Inexistente,99,NINGUNO,,
108,Constitución,1B,Sagrado Corazón,1,Católica,General Juan Aguirre Nº 566,
108,Constitución,1B,"Parroquia ""Nuestra Señora de Guadalupe""",1,Católica,"Constituyentes Nº 126, Tel. 36602875",
108,Constitución,1B,Iglesia del Señor (Evangélica),3,Evangélica,"Ing. Pastor Rovaix Nº 423, Tel. 36360535",Reverendo Felipe Monzalvo González
108,Constitución,1B,Centro Bíblico Berea (Asamblea de Dios),14,Asamblea de Dios,"Rafael Vega Nº 965, Tel. 36600480 / 36600406",Pbra. Ma. Nieves de García
109,Constituyentes,1B,Capilla del Sagrado Corazón,1,Católica,General J. Aguirre No. 566,
110,Copala,RN,Templo de Nuestra Señora del Rosario,1,Católica,Calle López Mateos,
111,Copalita Poblado,RS,"Templo ""San Pablo""",1,Católica,San Pablo No. 3,Margarita Suarez Vargas
112,"Coronilla, La",2B,"Iglesia ""Sagrado Corazón de Jesús"" ",1,Católica,Juana de Arco y Federico G. Lorca,
113,Coronilla del Ocote,RS,Capilla Santo Niño,1,Católica,Domicilio conocido,
115,División Del Norte,2A,-Inexistente-,99,NINGUNO,,
117,Don Bosco Vallarta,5A,San Juan Crisóstomo,1,Católica,Don Bosco No. 115 Tel. 31.22.71.67,
118,Ecológica Seattle,1B,"Parroquia ""El Calvario""",1,Católica,Calle B y Calle 3,
119,Ejido Copalita,RN,Nuestra Señora de Guadalupe,1,Católica,5 de mayo S/N y Lázaro Cárdenas,
120,Ejido Zapopan,?,-Inexistente-,99,NINGUNO,,
121,Emiliano Zapata,2A,San Juan Bautista,1,Católica,"Laurel Nº 188, tel. 36727389",
121,Emiliano Zapata,2A,"Jesucristo Salva, Sana y Libera: Centro de Restauración Familiar El Vergel",2,Cristiana,Laurel y Álvaro Obregón,
121,Emiliano Zapata,2A,Salón del Reino de los Testigos de Jehová,6,Testigos de Jehová,Loma Alta No. 38-A,
121,Emiliano Zapata,2A,"Centro de Fe, Esperanza y amor",10,Presbiteriana,"Laurel y Tullipán, Tel. 36723129",
121,Emiliano Zapata,2A,"Iglesia Apostólica de la Fe en Cristo Jesús, A.R. ",16,Apostólica de la Fe en Cristo Jesús,Rosal No.44,
122,"Estancia, La",5A,Iglesia de Cristo,,Desconocido,"Av. Bethoveen Nº 3549, Tel. 36296286",Roberto Herrera Camacho
122,"Estancia, La",5A,"Templo ""Santiago Apóstol""",1,Católica,,
122,"Estancia, La",5A,Iglesia Bíblica Gracia,3,Evangélica,"San Luis González Gonzaga, Tel. 36284142",
123,"Estrada, La",RS,Capilla de culto católico,1,Católica,Lazaro Cárdenas #65,Ma. Guadalupe Esparza (encargada)
124,Eucalipto Vallarta,5A,- Inexistente -,99,NINGUNO,,
125,Exitmex,5A,- Inexistente -,99,NINGUNO,,
126,Exhacienda del Lazo,RN,"Capilla ""San Antonio de Padua""",1,Católica,,
127,"Experiencia, la",2B,Nuestra Señora del Refugio,1,Católica,"Salvador Sánchez Nº 25, Tel. 36605073",
128,"Flores, Las",5A,- Inexistente -,99,NINGUNO,,
129,"Floresta del Colli, La",7,Santa Cecilia,1,Católica,Calle Azaleas y Rio Verde,
129,"Floresta del Colli, La",7,Santos Mártires Mexicanos,1,Católica,Calle Colorines y Amapola,
130,"Florida, La",8,Iglesia Reyno de Dios,,Desconocido,Calle Flores y Agua Marina,
130,"Florida, La",8,"Templo ""Medalla Milagrosa""",1,Católica,"Florida  Tel. 36.84.74.15, Privada Palmita s/n",
131,Fortín ,7,San Francisco de Asís,1,Católica,Francisco Montes de Oca,
132,"Fortines, Los",7,- Inexistente -,99,NINGUNO,,
133,"Bosques del Centinela, Fraccionamiento",2A,- Inexistente -,99,NINGUNO,,
134,"Cristal, Fraccionamiento",8,Inexistente,99,NINGUNO,,
136,"Los Paraísos, Fraccionamiento",1B,-Inexistente-,99,NINGUNO,,
137,Francisco Sarabia,8,Santa María de la Cruz,1,Católica,López Portillo No. 41 Tel. 36.84.21.84,
139,Francisco Villa (antes villa de Torremolinos),3,-Inexistente-,99,NINGUNO,,
140,"Fresno, El",4,- Inexistente -,99,NINGUNO,,
141,"Fuentes, Las",6,"Templo ""San Pablo""",1,Católica,"San Antonio Nº 105, Tel. 36311520",
143,"Giralda, la",6,- Inexistente -,99,NINGUNO,,
144,Girasoles,4,"Iglesia de Compañerismo Cristiano "" La Casa del Alfarero""",2,Cristiana,Tulipanes N° 824 entre Santa Lucrecia ,
146,"Gloria, La",5A,- Inexistente -,99,NINGUNO,,
147,González Ortega,1B,Iglesia Bíblica de Guadalajara,3,Evangélica,"Av. Federalismo Norte No. 3780, Tel. 33662555",Lic. Sergio Escutia Hernández
148,"Grana, La",3,- Inexistente -,99,NINGUNO,,
149,Guadalajarita (ó Club Atlas),1A,Inexistente,99,NINGUNO,,
150,Guadalupe Jardín,5A,- Inexistente -,99,NINGUNO,,
151,"Guayabos, Comunidad Ecológica, Los",2A,- Inexistente -,99,NINGUNO,,
152,Gusa,1B,-Inexistente-,99,NINGUNO,,
153,Haciendas de las Lomas,5B,- Inexistente -,99,NINGUNO,,
154,Hacienda de Tepeyac I,6,- Inexistente -,99,NINGUNO,,
155,Hacienda de Tepeyac II,6,- Inexistente -,99,NINGUNO,,
156,Hacienda la Mora,4,Consuelo de los Afligidos,1,Católica,"Girasoles No. 960, Tel. 3633-4958",Fernando Rivera Monroy
159,"Haciendita, La",8,- Inexistente -,99,NINGUNO,,
160,Heroes Nacionales,4,- Inexistente -,99,NINGUNO,,
161,"Higuera, La",2B,"Capilla ""Nuestra Señora del Rosario""",1,Católica,"Calle Tabachín, entre Mango y Agua Fría",
162,Hogares de Atemajac,2A,-Inexistente-,99,NINGUNO,,
163,Hogares,2B,San José Esposo de María,1,Católica,Zapotlán No. 1868 y Javier Rojo G.,
164,Hogares de Nuevo México,3,"Paroquia ""Espíritu Santo""",1,Católica,"Guadalajara Nº 2761, Tel. 38341775",
165,Hogares del Batán,1B,"Templo ""Nuestra Madre de Guadalupe""",1,Católica,Morelos y Canario,
167,Huaxtla,RN,Iglesia en Construcción,1,Católica,Al ingreso del poblado,
168,"Huerta, La",1B,-Inexistente-,99,NINGUNO,,
169,"Húmedo de Nextipac, El",RS,Templo Sagrado Corazón,1,Católica,Río Blanco y Arroyo,
170,Indígena de Mezquitán ,2B,"Capilla ""Santa Cruz de la Reconciliación""",1,Católica,Av. De la Cruz Nº 1 ,
171,Indígena de San Juan Ocotán,4,Jose Ma Robles y Nuestra Señora de Guadalupe,1,Católica,20 de enero 37,Enrique Morales Plascencia
175,Ixcatán Poblado,RN,"Templo ""San Francisco""",1,Católica,Calle Morelos,
177,Jardines de Santa Ana  ,8,La Luz del Mundo,4,La Luz del Mundo,Jardín de Orquídeas No. 6,Ministro Julián Martínez
178,Jardines de San Ignacio,5A,"Inexistente
",99,NINGUNO,,
180,Jardines Tapatíos,7,- Inexistente -,99,NINGUNO,,
181,Jardines Tepeyac,5A,Misión de San Germán (mormones),5,Jesucristo y los Santos de los Últimos Días,Estepas Nº 1 entre Av. Patria y Clouthier,
182,Jardines del Ixtépete,8,"Templo ""San Diego""",1,Católica,Av. Tepeyac y P. Ixtepete,Miguel Ortíz Sauza
182,Jardines del Ixtépete,8,Iglesia Bautista,7,Baustista,Prolongación Av. Tepeyac,
185,Jardines de Guadalupe,5A,Inexistente,99,NINGUNO,,
186,Jardines de la Esperanza,2A,inexistente,99,NINGUNO,,
187,Jardines de la Patria,5B,Parroquia María de Guadalupe,1,Católica,"Enrique Gómez Carrillo Nº 5329, Tel. 36730392",
187,Jardines de la Patria,5B,Iglesia León de Judá,2,Cristiana,"Av. Patria No. 204, Tel. 36738802",
189,Jardines de los Belenes,2B,Virgen de los Belenes,1,Católica,Emiliano Zapata y Canal,
190,Jardines de los Robles ,3,"Templo ""Espíritu Santo""",1,Católica,,
191,Jardines de Nuevo México,4,"Templo ""San Martín de Porres""",1,Católica,Cuarta Poniente S/N,
191,Jardines de Nuevo México,4,"Parroquia ""La Familia de Nazareth""",1,Católica,"7a Ote. Nº 204, tel. 36241555",
191,Jardines de Nuevo México,4,"Templo ""La Guadalupana""",1,Católica,Emiliano Zapata Nº 515,
194,Jardines de Tabachines,2A,Iglesia Cristiana (en remodelación),2,Cristiana,Periférico No. 3081,
194,Jardines de Tabachines,2A,Iglesia de Jesucristo de los Santos de los Últimos Días,5,Jesucristo y los Santos de los Últimos Días,Paseo Limas y Periférico,
195,Jardines del Auditorio,2A,-Inexistente-,99,NINGUNO,,
196,Jardines del Porvenir,2A,-Inexistente-,99,NINGUNO,,
197,Jardines del Sol,6,Centro Pastoral Catolico,1,Católica,Moctezuma N° 4591,
197,Jardines del Sol,6,"Paroquia ""San Juan Bautista""",1,Católica,"Palenque Nº 422, tel. 36343255 y 36328250",
198,Jardines del Valle,4,"Parroquia ""Virgen de la Encarnación "" ",1,Católica,"Valle de los Cedros S/N, Apdo. 40, Tel. 38.32.61.24",
198,Jardines del Valle,4,Iglesia Bautista,7,Baustista,Av. Acueducto N° 2279,
199,Jardines del Vergel ,2A,"Templo ""Sr. de las Maravillas""",1,Católica,"Jardines de la Palma y Calzada del Vergel Nº 1601, Tel. 38612123",
200,Jardines del Vigía,1B,"Templo ""El Buen Pastor""",1,Católica,"Melchor Ocampo No. 510, Tel. 3656-0391",
202,Jardines Vallarta,5B,Rey de Reyes (Presbiteriana),10,Presbiteriana,"Gabrielle D' Annunzio Nº 5076, Tel. 36734668 / 36734669",Kenton Marcos Wood
203,Jocotán,5A,"Templo ""Señor de la Asención""",1,Católica,"López Cotilla 142, Tel: 36.27.01.01",
205,Juan Manuel Vallarta,7,San Nicólas de Bari,1,Católica,"Géminis y Cáncer Nº 4192 A, Tel. 38132123",
206,Lagos del Country,1B,-Inexistente-,99,NINGUNO,,
210,Loma Bonita Ejidal,6,Santa Clara de Asís,1,Católica,"Patria Nº 3260, Tel. 3634 3460",
210,Loma Bonita Ejidal,6,"Casa Pastoral ""Santa Cruz de las Colinas""",1,Católica,calle Arbolitos N° 3777,
210,Loma Bonita Ejidal,6,San Cruz de las Colinas,1,Católica,"Av. Tabachines Nº 3801, Tel. 31350707",
210,Loma Bonita Ejidal,6,"Centro Evangelico ""Loma Bonita Ejidal""",3,Evangélica,Rio Tepalcatepec N° 688 y Los Pinitos,
211,Loma Bonita Residencial,6,"Templo Jesucristo, Sumo y Eterno Sacerdore",1,Católica,Av. Conchita No. 3015 Tel. 3631-7333,
212,Loma Bonita Sur,6,Inexistente,99,NINGUNO,,
213,Loma Real,5B,Inexistente,99,NINGUNO,,
214,"Loma, La",1B,Inexistente,99,NINGUNO,,
215,Lomas Altas,5B,"Templo ""Nuestra Señora de la Salud""",1,Católica,"Lomas Altas No. 265, Tel. 3641-0232",
216,Lomas de Atemajac,1B,-Inexistente-,99,NINGUNO,,
217,Lomas de Guadalupe,5A,Iglesia Cristiana,2,Cristiana,San Juan Bosco N° 4586-1,
218,Lomas de la Primavera,7,"Capilla ""Nuestra Señora del Rosario""",1,Católica,Chapala y Puente Grande,
218,Lomas de la Primavera,7,"Parroquia ""Los Sagrados Corazones de Jesús y María""",1,Católica,Chapala y Azaleas,
220,Lomas de Tabachines ,2A,San Francisco Javier,1,Católica,Priv. Granados #12 ,Enriquez Santos Beas
220,Lomas de Tabachines ,2A,"Templo ""Virgen de la Medalla Milagrosa""",1,Católica,"Privada Las Flores N º 1, Tel. 38616256",Enrique Santos Beas
220,Lomas de Tabachines ,2A,Aposento Alto (Cristiana),2,Cristiana,Francisco Villa No. 11,
220,Lomas de Tabachines ,2A,Centtro de Restauración Familiar (Asamblea de Dios),3,Evangélica,"Alvaro Obregón Nº 113, Tel. 36600661/36600661",José Félix
221,Lomas de Zapopan,3,"Templo ""Nuestra Señora del Refugio de Pecadores""",1,Católica,"Marbella Nº 2395, Tel. 36562626",
222,Lomas del Batán,1B,"Templo ""Nuestra Señora de Guadalupe""",1,Católica,Hogares Católicos ,
222,Lomas del Batán,1B,Reina de la Paz,1,Católica,"L. Ariosto, Tel. 36270101",
222,Lomas del Batán,1B,"Templo ""Señor de los Milagros""",1,Católica,"Francisco Villa Nº 315, Tel. 36726547",
223,Lomas del Bosque,1A,Inexistente,99,NINGUNO,,
224,Lomas del Camino,1B,-Inexistente-,99,NINGUNO,,
225,Lomas del Centinela,2A,Nuestra Señora de Guadalupe,1,Católica,Caoba (en construcción),
225,Lomas del Centinela,2A,Nuestra Señora de Zapopan Vicaria ,1,Católica,Av. Río Blanco 1955 ,
226,Lomas del Colli ,5A,- Inexistente -,99,NINGUNO,,
228,Lomas del Refugio,2B,LA ROCA 8va Iglesia Apostolica de la Fe en Cristo Jesus A. R. en  Zapopan,,Desconocido,,
228,Lomas del Refugio,2B,Nuestra Señora del Refugio,1,Católica,San Juan de los Lagos y Guadalupe Victoria,
228,Lomas del Refugio,2B,Iglesia Cristiana Rios de Agua Viva,2,Cristiana,"Calle Jalisco s/n (Junto al barranco, hasta abajo)",
232,Lomas Universidad,5A,Reina de la Paz,1,Católica,"Ariosto, Tel. 36270101",
233,"Maestros, Los",1B,-Inexistente-,99,NINGUNO,,
234,"Magdalena, La",RS,Capilla en construcción,1,Católica,Cempasuchil y Violeta,
234,"Magdalena, La",RS,"Capilla ""Santa María Magdalena""",1,Católica,Hidalgo No. 89,
235,"Mante, El",8,"Templo ""Nuestra Señora de la Defensa""",1,Católica,Colima Oriente y Allende,Salvador Ortega Bernal
236,Marcelino García Barragán,3,"Templo ""Santa Cruz""",1,Católica,,
237,Mariano Otero,7,"Capilla ""Sagrado Corazón de Jesús",1,Católica,En Gladiolas entre Azucena y Priv. Lirio.,Sr. Cura de Santa Ana Tepetlitan
237,Mariano Otero,7,"Parroquia "" La Divina Providencia""",1,Católica,B. Domínguez No. 140 Tel. 31.80.24.02,Sr. Cura Gerardo Veles Ortis.
237,Mariano Otero,7,"Templo ""Santísima Trinidad""",1,Católica,,
238,"Martinica, La",2A,Iglesia,1,Católica,"Carlos Rivera Aceves, frente al N° 25",
238,"Martinica, La",2A,"Templo ""Virgen de Guadalupe""",1,Católica,José María Martínez y Morelos,
239,Mesa Colorada ,RN,Nustra señora de la Esperanza,1,Católica,Mesa Colorada Ote.,
240,Mesa Colorada Poniente,2B,Se venera a la virgen de Guadalupe,,Desconocido,,
240,Mesa Colorada Poniente,2B,Nuestra Señora de la Luz,1,Católica,Eta y Chichen-Itzá,
240,Mesa Colorada Poniente,2B,"Iglesia Cristiana ""Casa del Rey Jesucristo""",3,Evangélica,Chichen-Itza y Negri,
241,Mesa de los Ocotes,2B,Sagrado Corazón,1,Católica,Paseo de los Ahuehuetes y Cerezos (en construcción),
241,Mesa de los Ocotes,2B,Sin nombre,1,Católica,"Colorín e Indígena (en construcción, y abandonada)",
242,Mezquitán,2B,San Miguel Arcángel,1,Católica,San Miguel y San Martín,
243,Miguel de la Madrid,8,"Templo ""Nuestra Señora del Tepeyac""",1,Católica,Nicolas Bravo,Sr. Cura Juan M.
244,Miguel Hidalgo,2B,Santuario de Guadalupe,,Desconocido,Guadalupe Victoria e Iturbide,
244,Miguel Hidalgo,2B,"Templo ""Divina Providencia""",1,Católica,"Carretera a Saltillo Nº 3540, Tel. 38618870",
245,Milpillas Mesa de San Juan,RS,Capilla de San Juan,1,Católica,General Emiliano Zapata S/N,
247,Mirador de San Isidro (ó Mirador de la Cañada),3,"Capilla ""Señor de la Misericordia""",1,Católica,,
248,Mirador del Sol,6,Reina de los Mártires Mexicanos,1,Católica,"Helios Nº 1221 y Febo, tel. 36204420",Pbro. Juan José Trejo Rosales
249,Mirador Escondido,2B,"Templo ""Santa María de la Montaña""",1,Católica,Cereza ,
249,Mirador Escondido,2B,Templo Cristiano ,2,Cristiana,Tamarindo y Av. Alberto Mora López,
250,Miramar,7,San Juan Bautista,1,Católica,Puerto Mazatlán,
250,Miramar,7,María Inmaculada,1,Católica,Puerto Batabampo,
250,Miramar,7,"Parroquia ""San Cayetano""",1,Católica,Puerto Agiobampo No. 3018 Tel. 31.80.49.14,
250,Miramar,7,Cristo Rey del Universo,1,Católica,Puerto Príncipe No. 3275 Tel. 3180-0685,
250,Miramar,7,"Casa Belén, movimiento de avance católico",1,Católica,Volcán Quinceo No. 19,
250,Miramar,7,Centro Bíblico de Gracia,3,Evangélica,"Puerto Ensenada No. 5, cruza con Puerto Topolobampo",
250,Miramar,7,"Ancla de Fe, (Bautista Fundamental Independiente)",7,Baustista,"Puerto Vallarta Nº 72, Tel. 31804940",Pastor Alejandro Reyna González
250,Miramar,7,Centro de Fe Esperanza y Amor,13,Pentecostal,"Bahía Escondida Nº 38, 36842766",
251,Misión Jardines,4,Inexistente,99,NINGUNO,,
252,Misión de San Isidro (ó Misión del Bosque),3,Jesús de la Divina Misericordia,1,Católica,Misión Santa Elena.,
254,Molino del Salvador,2B,-Inexistente-,99,NINGUNO,,
255,Nextipac,RS,"Templo ""Santo Santiago""",1,Católica,"Hidalgo, entre Juárez y Leona Vicario",
257,Nueva España,2B,-Inexistente-,99,NINGUNO,,
259,Nuevo México,4,"Templo ""Nuestra Señora de Guadalupe""",1,Católica,"Primero de Enero Nº 142, Tel. 38.34.12.85",
259,Nuevo México,4,Iglesia de Jesucristo y los Santos de los Últimos Días,5,Jesucristo y los Santos de los Últimos Días,Av. General Ramón Corona No. 2514,
260,Nuevo Vergel,2A,"Parroquia ""Cristo Rey""",1,Católica,"Sembradores y Agricultores , Tel. 36608797",
260,Nuevo Vergel,2A,Capilla del Centro Cristiano Peniel,2,Cristiana,Pintores y Obreros,
261,Palmira,8,La Luz del Mundo,4,La Luz del Mundo,"Av. Palmira, esq. Miguel Alemán",
261,Palmira,8,"Iglesia Bíblica Bautista ""Torre Fuerte""",7,Baustista,San Antonio,
262,"Palmita, La",1B,"Templo ""Cristo Resucitado""",1,Católica,"Júpiter Nº 1578, Tel. 36605773",
263,Palo Gordo,RS,San Ramón Nonato,1,Católica,San Ramón No. 10,
264,"Paraíso, El (ó Paraísos de la Seattle)",1B,Capilla de San Carlos Lwanga,1,Católica,"Gral. Francisco J. Mujica, esq. José Luis Farah. Tel. 3126 1042",Salvador López Ramírez
264,"Paraíso, El (ó Paraísos de la Seattle)",1B,Cristiana Espiritual,3,Evangélica,Enrique Díaz de León No. 342 y José Luis Farah,
266,Paraísos del Colli,7,"Templo ""María Madre del Redentor""",1,Católica,"Av. Prolongación del Colli, 1045-A, Tel.31.80.17.76",
266,Paraísos del Colli,7,Iglesia Jesucristo de los Últimos Santos,2,Cristiana,Tepeyac N° 160 con Abedul,
266,Paraísos del Colli,7,Nueva Creación,2,Cristiana,Trueno N° 1362 esquina araucaria,
266,Paraísos del Colli,7,Luz del Mundo,4,La Luz del Mundo,"Barcino No. 1616 esquina prolongación colli, Tel. 3180-1094",
267,Paraíso Los Pinos,8,Inexistente,99,NINGUNO,,
268,Parque Industrial Belenes Norte,1A,Inexistente,99,NINGUNO,,
269,Parques de la Castellana,5B,Inexistente,99,NINGUNO,,
271,Parques de Tesistán,RS,-Inexistente-,99,NINGUNO,,
272,Parques de Zapopan,4,"Igesia "" Sagrado Corazón de Jesús Eucaristica"" ",1,Católica,Arco Graciano N° 2400,
272,Parques de Zapopan,4,"Casa de Oración "" Misericordia y Verdad",5,Jesucristo y los Santos de los Últimos Días,Prolongación Los Robles Sur N° 250,
273,Parques del Auditorio,2A,"Parroquia ""Evangelizadora de America""",1,Católica,Ping Pong No. 139 Tel. 36.60.23.47,
274,Paseos del Briseño,8,Capilla La Sagrada Familia,1,Católica,"Paseo de la Juventud, esq. Paseo de los Fresnos",Juan Jiménez
274,Paseos del Briseño,8,"Centro de Fé, Esperanza y Amor",13,Pentecostal,"Mangolia Nº 16, Tel. 36842766",Pastor Efraín Martínez López
275,Paseos del Sol ,6,"Parroquia ""Señor de la Salud""",1,Católica,"Ernesto Ladrón de Guevara Nº 1580, Tel. 36320392",
275,Paseos del Sol ,6,Casa de Oración Vida Nueva,2,Cristiana,Salvador Vargas Nº 3034,Roberto Ornelas Díaz
277,Paso de Guadalupe (ó El Morado),RN,Inexistente,99,NINGUNO,,
280,"Patria Universidad, La",5B,Templo de la Salud,1,Católica,,
282,Pedregal de Zapopan,2B,-Inexistente-,99,NINGUNO,,
283,Pedro Moreno,1B,-Inexistente-,99,NINGUNO,,
284,Periodistas,6,San Pablo,1,Católica,Fraccionamiento las Fuentes Zapopan,
285,Pinar de la Calma,6,Parroquia Santo Niño de Atocha,1,Católica,"Pinar Nº 3001, Tel. 36312741 y 3634 3762",
287,"Pinos Campestre, Los",8,Inexistente,99,NINGUNO,,
289,Pirámides,6,Inexistente,99,NINGUNO,,
291,Praderas de San Antonio,4,"Templo ""Nuestra Señora del Rosario""",1,Católica,"Paseo de los Abedules S/N, a un costado del parque",
293,Prados de Santa Lucia ,RS,"Templo ""Sagrado Corazón de Jesús""",1,Católica,Chapultepec 1273  Tel. 38.97.08.67,
293,Prados de Santa Lucia ,RS,Iglesia Cristiana,2,Cristiana,Gran Duke y Lirios,
294,Prados Guadalupe,5A,Corpus Christi,1,Católica,"Av. Manuel Clouthier Nº 525, Tel. 36291060",
295,Prados Tepeyac,6,San Roberto Abad,1,Católica,"Prado de los Pirules Nº 48, Tel. 31228011",
297,"Primavera, La",RS,Nuestra Señora de Guadalupe,1,Católica,"Av. Gutiérrez ,  Leona Vicario",Juan Ramón Muñoz Muñoz
298,Primavera Norte,6,- Inexistente -,99,NINGUNO,,
299,Puerta de Hierro,5B,"Templo ""San Juan Macías""",1,Católica,Av. Acueducto No. 5555 Tel. 33.43.47.35,
300,Puerta del Bosque  (antes Lomas de Santa Ana Tepetitlán),7,El Fortin y Sagrado Corazon de Jesus,1,Católica,En Arenales Tapatios,
302,Rancho Contento,RS,"Templo ""Cristo del Romeral""",1,Católica,Junto al Romeral   ,
303,Rancho El Centinela,3,Inexistente,99,NINGUNO,,
304,Rancho el Sol (ó Placita del Sol),3,- Inexistente -,99,NINGUNO,,
308,Real Vallarta,5A,Palabra Viva,7,Baustista,Goya # 45 Tel. 31651278,Sr. Leonel Smidt Madderra
309,"Rehilete, El",7,Inexistente,99,NINGUNO,,
310,Residencial Arboledas,6,Inexistente,99,NINGUNO,,
311,Residencial Ciudad de los Niños,5A,Inexistente,99,NINGUNO,,
312,Residencial Cordilleras,5A,Corpus Christi,1,Católica,"Manuel J. Clouthier No. 525, Tel. 36291060",
314,Residencial del Bosque,8,Inexistente,99,NINGUNO,,
315,Residencial Guadalupe,5A,Inexistente,99,NINGUNO,,
318,Residencial Moctezuma,6,San Cristobal Magallones  (en construcción),1,Católica,Andador playa centro y playa yelapa centro,
319,Residencial Moctezuma Poniente,6,Centro Cristiano,2,Cristiana,Playa del Tesoro y Volcán Edna,Alejandro Ramírez Maciel
322,Residencial Plaza Guadalupe,5A,Orden de Combonianos,1,Católica,Av. Guadalupe,
322,Residencial Plaza Guadalupe,5A,San Alfonso María de Ligorio,1,Católica,"Misión San Antonio No. 100, esq. Misión San Esteban Tel. 36287671",
323,Residencial Poniente,4,-Inexistente-,99,NINGUNO,,
324,Residencial Victoria,6,"Templo ""Nuestra Señora de las Victorias""",1,Católica,"Acerina Nº 2533, Tel. 31227810",
324,Residencial Victoria,6,Nuevos Comienzos,2,Cristiana,"Turquesa Nº 1886 esq. Obsidiana, Tel. 31212150 / 21212170.",Joe y Ada Rosa
325,Rinconada del Auditorio,2A,San Alfonso María de Ligorio,1,Católica,"Misión San Antonio S/N, Tel. 36287671",
327,Rinconada Del Iris,8,Inexistente,99,NINGUNO,,
329,Rinconada del Sol,6,Sagrado Corazón (Convento Religioso),1,Católica,"Rinconada de las Acacias No. 95, Tel. 31 21 76 08",
329,Rinconada del Sol,6,"Templo ""La Resurrección del Señor""",1,Católica,"Plaza del Sol Nº 253, Tel. 31212493",
330,Rinconada La Azalea,1B,-Inexistente-,99,NINGUNO,,
331,Rinconada del Valle,5A,"iglesia Luterana ""Todos los Santos""",9,Luterana,Prados de los Pinos y Tepeyac,
332,Rinconada de la Calma,6,Jesucristo de los Santos de los Ültimos Días,5,Jesucristo y los Santos de los Últimos Días,Conchitas y Quebrada,
333,Rinconada de la Joya,6,Inexistente,99,NINGUNO,,
335,Rinconada de Santa Rita,5B,Santa María de los Ángeles,1,Católica,Calle Teatro de la República,
337,Río Blanco,RN,Capilla de Jesús de la Divina Misericordia,1,Católica,"Reforma, casi esq. con Independencia",
338,Roberto Orozco,RS,"Capilla ""Don Bosco""",1,Católica,Lucio Blanco y Don Bosco,
339,"Robles, Los",3,- Inexistente -,99,NINGUNO,,
340,"Rodeo, El",RS,Inexistente,99,NINGUNO,,
341,Royal Country,5B,Inexistente,99,NINGUNO,,
342,San Bernardo,5B,Inexistente,99,NINGUNO,,
343,San Esteban,RN,"Parroquia ""San Esteban""",1,Católica,"Hidalgo Nº 152, Tel. 36254087",
344,San Francisco,1A,Iglesia Cristiana La Hermosa,2,Cristiana,Fray Toribio de Motolinia No. 1363,Benito Álvarez
345,San Isidro Ejidal,1A,San José,1,Católica,San José S/N,
345,San Isidro Ejidal,1A,Parroquia San Isidro Labrador,1,Católica,"Sabino Delgado Nº 583, Tel. 36362172 y 36331828",
345,San Isidro Ejidal,1A,"De la Fe en Cristo Jesús, Iglesia Apostólica. (Cristiana)",2,Cristiana,"Radio Nº 21, Tel. 3685 1948",Luis Bernal
346,San Isidro Poblado,RN,San isidro Labrador,1,Católica,Carretera a San Isidro,
347,San José del Bajio,1A,"REDIME ""Red Internacional de Ministros""",,Desconocido,Radio # 21 y 30,
347,San José del Bajio,1A,"Templo ""San José Obrero""",1,Católica,"Antimonio Nº 840, Tel. 3633 2798",
347,San José del Bajio,1A,"El Vergel, CRF (Pentecostal)",13,Pentecostal,"Radio Nº 21, Tel. 36851948",Apostol José Félix Coronel
348,San José Ejidal,RS,Parroquia de San Isidro Labrador,,Desconocido,Sabino Delgado # 583 Tel. 36362172 y 36331828,
348,San José Ejidal,RS,"Templo ""San José""",1,Católica,San José S/N,Gabriel
348,San José Ejidal,RS,"De la fe en Cristo Jesus, Iglesia Apostolica Cristiana",2,Cristiana,Radio # 21 tel. 36851948,Luis Bernal
348,San José Ejidal,RS,Jesucristo de los santos de los ultimos dias,2,Cristiana,Fc. Sarabia # 12 esquina Libertad,
349,San Juan de Ocotán,4,"San Juan Bautista,",1,Católica,"5 de Mayo e Independencia, Tel. 31100011",
349,San Juan de Ocotán,4,Iglesia Evenecer,2,Cristiana,Hidalgo s/n y Juan Gil Preciado.,
350,San Lorenzo,RN,Capilla San Lorenzo,1,Católica,Calle Galeana s/n,
353,San Miguel Tateposco,RN,San Miguel Arcangel,1,Católica,Juan Vera S/N,Sr. Cura Cludio Vela Sànchez
354,San Nicolás de los Belenes,2A,-Inexistente-,99,NINGUNO,,
356,Santa Ana Tepetitlán,8,"Centro de Catesismo ""Jesús Amigo""",1,Católica,Zaragoza N° 11,
356,Santa Ana Tepetitlán,8,"Templo ""De la Purísima""",1,Católica,Guadalupe Victoria No. 5  Tel. 36.84.34.26,
356,Santa Ana Tepetitlán,8,"Parroquia ""Santa Ana Tepetitlán""",1,Católica,Guadalupe Victoria No. 5 Tel. 36.84.34.26,
356,Santa Ana Tepetitlán,8,"Centro de Evangelización ""Jesús de Nazaret""",1,Católica,Javier Mina N° 67,
356,Santa Ana Tepetitlán,8,Cristo Cambia la Vida (presbiteriana),2,Cristiana,"Galeana Nº 95-A, entre Pino Súarez y Allende, Tel. 36935457, 044331214203364",Gonzalo García Ríos
356,Santa Ana Tepetitlán,8,Iglesia Bautista,7,Baustista,Galeana 123,
357,Santa Catalina,6,Inexistente,99,NINGUNO,,
358,Santa Fé,1A,"Templo ""Jesús Sacerdote""",1,Católica,Gral. Ortega entre Eva Briseño  Guadalupe Victoria No. 587 Tel. 36.33.52.26,
360,Santa Lucía,RS,"Templo ""Santa Lucía""",1,Católica,"Morelos Nº 11, Tel. 38970926",
361,Santa Margarita 1ra. Sección,1A,"Templo ""Santa Margarita Reina""",1,Católica,"Santa Clara No. 255, Tel. 3636-9954",
362,Santa Margarita 2da Sección,4,Nuestra Señora del Carmen,1,Católica,"Santa Rosa Nº 422, Tel. 36334293",
363,Santa Margarita Residencial,4,Juan Pablo ll (en construccion),1,Católica,Calle Marina Mazatlan,
363,Santa Margarita Residencial,4,Iglesis Evangelica Pentecostes Cristo el el camino,3,Evangélica,Av. Tesistan ,
363,Santa Margarita Residencial,4,Salon del Reino  de los testigos de Jehova,6,Testigos de Jehová,Av. Sta. Margarita # 1404,
364,Santa Maria del Pueblito,5A,"Templo ""Nuestra Señora del Pueblito""",1,Católica,Juárez No. 5581 Tel. 36.27.03.89,
365,Santa Mónica de los Chorritos,RS,"Iglesia Bautista Fundamental ""La Gracia""",7,Baustista,Av. de la Laguna No. 1409,
366,Santa Paula,1B,Iglesia Universal de Jesucristo en México A.R. ,,Desconocido,Ignacio L. Pesqueira entre Constituyentes y Alfonso Cabrioto,Rosalío Madera Báez
367,Seattle,1B,Parroquia El Calvario,1,Católica,"Av. B, No. 623 Tel. 36.33.22.27",
368,Seattle  Habitacional ,1B,"Parroquia ""Santa Emereciana""",1,Católica,Paulino Olivera y Vista Alegre,
368,Seattle  Habitacional ,1B,San José Obrero,1,Católica,Calle D. Colignon y Ma. de la Peña,
368,Seattle  Habitacional ,1B,San Pablo Apóstol,15,Anglicana,Paulino Navarro Nº 825 y Calle T. Quintero  tel. 3633 3324,
369,"Soledad de Nextipac, La",RS,"Templo ""Nuestra Señora de la Soledad""",1,Católica,Casco de la Hacienda,
370,Tabachines,2A,"Parroquia ""La Visitación""",1,Católica,"Av. Tabachines Nº 2711 y P. Limas, Tel. 36603014",
371,Tepeyac,1B,"Templo ""Nuestra Señora del Tepeyac""",1,Católica,"Sarcófago, Nº 385, Tel. 36331478",
372,Tepeyac Casino,5A,Iglesia Luterana,9,Luterana,"Av. Tepeyac Nº 4600, Tel. 31216741",
373,Tesistán,RS,Parroquia de San Francisco,1,Católica,"Jalisco Nº 32, Tel.38970002",
374,"Tigre I, El",3,- Inexistente -,99,NINGUNO,,
375,"Tigre II, El",3,- Inexistente -,99,NINGUNO,,
376,"Triángulo, El",4,- Inexistente -,99,NINGUNO,,
377,"Tuzanía , La",4,"Templo ""Jesucristo Obrero""",1,Católica,Palmeras y Av. Tuzanía,
378,Tuzanía Ejidal,4,Inexistente,99,NINGUNO,,
379,Unidad Auditorio,2A,Evangelizadora de América,1,Católica,"Ping Pong Nº 139, Tel. 3660 2347",
379,Unidad Auditorio,2A,Iglesia de Jesucristo de los Santos de los últimos días,5,Jesucristo y los Santos de los Últimos Días,Prolongación Alcalde,
380,Unidad Cadete Francisco Marquez,6,- Inexistente -,99,NINGUNO,,
381,Unidad Gustavo Díaz Ordaz,6,Nuestra Señora de los Remedios,1,Católica,"Fuentes Nº 3262, Tel. 3634 2952",Pbro. Enrique
384,Unidad Patria,1B,-Inexistente-,99,NINGUNO,,
385,Unidad República,1A,"Templo ""Jesús de Nazaret""",1,Católica,"Allende S/N cruza con Hidalgo, Tel. 3636 3953",
388,Valle de Atemajac,2A,Inexistente,99,NINGUNO,,
389,Valle de Bugambilias,8,Inexistente,99,NINGUNO,,
392,Valle Escondido,4,Capilla Católica,1,Católica,Domicilio Conocido,
393,Valle Real,4,"Templo ""María Madre Nuestra""",1,Católica,Paseo San Arturo Sur No. 3255,
394,Venta del Astillero,RS,Capilla de San Miguel,,Desconocido,Primavera y Lazaro Cardenas,
394,Venta del Astillero,RS,"Templo ""·La Virgen de Guadalupe""",1,Católica,"Manuel García Macías Nº 60, Tel. 3151 0278",Luis Francisco Águilar Aréchiga
394,Venta del Astillero,RS,"Casa de Evangelización Católica ""San Antonio de Padua""",1,Católica,Jilgueros No. 6,
395,Venustiano Carranza,1B,-Inexistente-,99,NINGUNO,,
396,"Vicente Guerrero (ampliación Vicente Guerrero, Rincón)",3,"Templo ""San Antonio de Padua""",1,Católica,"Copalita Nº 100 B, Tel. 3664 3356",
398,Víctor Hugo,1B,-Inexistente-,99,NINGUNO,,
399,"Vigía, El",1B,"Parroquia ""Buen Pastor""",1,Católica,Melchor Ocampo No. 510 Tel. 36.53.03.91,
399,"Vigía, El",1B,Sagrado Corazón,1,Católica,"Libertad Nº 142, cruza M. Ocampo, Tel. 3556 1256",
402,Villa de los Belenes,1B,-Inexistente-,99,NINGUNO,,
404,Villa Puerta del Sol,6,Inexistente,99,NINGUNO,,
407,Villas Alcalde,1B,-Inexistente-,99,NINGUNO,,
408,Villas de Guadalupe,2B,"Espiritista Trinitario Mariano ""María Arca de Alianza""",,Desconocido,Ignacio Espinoza No. 8,
408,Villas de Guadalupe,2B,Nuestra Señora de la Esperanza,1,Católica,Hipólito Hernández y José Ma. Martínez (en construcción),
408,Villas de Guadalupe,2B,San Francisco,1,Católica,Ma. Inés Martínez esq. con Rodrigo de la Cruz,
408,Villas de Guadalupe,2B,"Templo ""Nuestra Señora de Guadalupe""",1,Católica,Arroyo Hondo Poniente,
408,Villas de Guadalupe,2B,"Templo ""Divino Maestro""",1,Católica,Timoteo Velázquez y Beltrán del Pilar,
409,Villas del Marquez (Villas del Parque),2A,-Inexistente-,99,NINGUNO,,
411,Villas La Loma,3,- Inexistente -,99,NINGUNO,,
413,Villas de Zapopan (ó Valle de San Isidro),3,Casa de Salvación (independiente),,Desconocido,"Rinconada de los Olmos Nº 386, Tel. 33656344",Pastor Juan Carlos Romero Fajardo
414,Villas de Tepeyac,6,- Inexistente -,99,NINGUNO,,
418,Vista Hermosa,2B,"Templo ""Señor de los Rayos""",1,Católica,"Alberto Mora López 674, Meza Colorada Ote.",
418,Vista Hermosa,2B,"Templo "" Pentecostés""",2,Cristiana,Buena Vista y Vista Puesta del Sol,
419,Vista del Sol,8,Inexistente,99,NINGUNO,,
420,Volcán del Colli,5A,Inexistente,99,NINGUNO,,
421,"Zapote, El   ",6,"Artesi Marciales mooto, A.c.",,Desconocido,"Tajin N° 1625, Tel.  3122 9090, estudio Biblico",Kyuneg Soon Kym
421,"Zapote, El   ",6,"Templo ""San Isidro de Chapalita""",1,Católica,"Prado de las Gladiolas Nº 1543, Tel. 31219558",
421,"Zapote, El   ",6,La Victoria,2,Cristiana,"Tajín Nº 1625, Tel. 31229011 / 31229090",José Antonio Martínez Rodríguez
422,Zoquipan,1B,"Parroquia ""San Francisco""",1,Católica,Av. Zoquipan No. 1360  Tel. 38.24.89.00,
422,Zoquipan,1B,San Francisco de Asís,15,Anglicana,San Cristóbal No.173,
423,Hospital San Juan de Dios,1B,Capilla San Juan de Dios,1,Católica,Laureles No. 55,
426,"Noria, La",,- Inexistente -,99,NINGUNO,,
427,Quinta Federalismo,,- Inexistente -,99,NINGUNO,,
428,"Tempisque, El",,La Santísima Trinidad,1,Católica,En el centro de la comuniad,Padre Claudio
429,Mesón de Copala,,Capilla de San Pedro y San Pablo,1,Católica,Calle López Mateos,
430,Villas de Nuevo México,,Capilla particular,,Desconocido,"Área Municipal (invasión, además que está sin uso y cerrada)",
432,Jardines de San Gonzalo,,- Inexistente -,99,NINGUNO,,
434,Fuentecillas,,- Inexistente -,99,NINGUNO,,
435,"Golondrinas, Las",,- Inexistente -,99,NINGUNO,,
438,Campestre Lomas de Tesistán,,- Inexistente -,99,NINGUNO,,
439,"Joyitas, Las",,Inexistente,99,NINGUNO,,
440,Vistas de Tesistán,,Inexistente,99,NINGUNO,,
441,Praderas de Tesistán,,Inexistente,99,NINGUNO,,
442,Hacienda Las Palomas,,Inexistente,99,NINGUNO,,
443,Ampliación Santa Lucía,RS,Iglesia del Señor,,Desconocido,Juan Escutia No. 20,
446,Revolución,RS,Cristo Rey,1,Católica,Niños Héroes y Arista (en construcción),
447,"Mirasoles, Los",,-Inexistente-,99,NINGUNO,,
448,"Providencia, La",,Sin nombre (en construcción),1,Católica,"Calle Morelos S/N, a un costados de Materiales Bonilla",Padre José Cruz Gamez Rodríguez
449,Villas de Santa Lucía,RS,- Inexistente -,99,NINGUNO,,
450,"Cerrito, El (de Nextipac)",RS,Capilla de Nuestra Señora de Guadalupe,1,Católica,"Calandria, entre Codorniz y Cóndor",
451,Cerca Morada,RS,- Inexistente -,99,NINGUNO,,
452,Misión La Floresta,,Nota: En la terraza se oficia misa los domingos a las 12.15,1,Católica,"Terraza de la colonia, por Guardia Nacional",
453,Rinconada del Parque,,- Inexistente -,99,NINGUNO,,
454,Colinas del Río,3,Inexistente,99,NINGUNO,,
455,Villa Hermosa,RS,- Inexistente -,99,NINGUNO,,
456,"Ángeles de Nextipac, Los",RS,- Inexistente -,99,NINGUNO,,
457,San Rafael (poblado),RN,- Inexistente -,99,NINGUNO,,
458,"Cohetero, El (poblado)",,- Inexistente -,99,NINGUNO,,
459,"Quemado, El (poblado)",RN,Capilla de San Isidro,1,Católica,Morelos y Vicente Guerrero,
460,Villas del Valle,3,- Inexistente -,99,NINGUNO,,
461,Campo Real,3,- Inexistente -,99,NINGUNO,,
462,Bosque Valdepeñas,3,- Inexistente -,99,NINGUNO,,
463,Hacienda del Sol,3,- Inexistente -,99,NINGUNO,,
464,Valdepeñas II,3,- Inexistente -,99,NINGUNO,,
465,Punta Valdepeñas,3,- Inexistente -,99,NINGUNO,,
466,Real Valdepeñas,3,- Inexistente -,99,NINGUNO,,
467,Real de Tesistán,,- Inexistente -,99,NINGUNO,,
468,Altus Quintas,0,- Inexistente -,99,NINGUNO,,
469,Colonos de Tesistán,,- Inexistente -,99,NINGUNO,,
470,Real Casablanca,,- Inexistente -,99,NINGUNO,,
471,Jardines de las Fuentes,45200,- Inexistente -,99,NINGUNO,,
472,Molinos,,- Inexistente -,99,NINGUNO,,
473,Extramuro,,- Inexistente -,99,NINGUNO,,
474,Parques Tepeyac,0,"Inexistente
",99,NINGUNO,,
475,Quinta del bosque,,"Inexistente
",99,NINGUNO,,
476,Crucero de Ameca,Zona Rural,Inexistente,99,NINGUNO,,
477,Miramar Poniente,,Madre Naty,1,Católica,Calle Tezontle N° 220 y Puerto Acapulco,
478,"Fortín II, El",7,Inexistente,99,NINGUNO,,
479,Villas del Ixtépete,8,Inexistente,99,NINGUNO,,
480,Nuevo México Sur,4,Inexistente,99,NINGUNO,,
481,Anexo a Jardines del Vergel,2A,Inexistente,99,NINGUNO,,
482,Lomas Campestres Las Mesitas,RS,Capilla de San Juan Diego,1,Católica,Paseo de las Galeanas,
483,Mirador de San Isidro Magisterial,3,"Capilla ""Señor de la Misericordia""",1,Católica,Camino al Poblado de Río Blanco,Padre Eduardo
484,Residencial del Parque Metropolitano,5A,Inexistente,99,NINGUNO,,
485,Lomas del Pedregal,RN,Inexistente,99,NINGUNO,,
486,Ampliación Villas de Guadalupe,2B,Inexistente,99,NINGUNO,,
487,Granjas y Huertos San José,,Inexistente,99,NINGUNO,,
488,Villas de Monticello,,Inexistente,99,NINGUNO,,
489,"Pedregal (de Milpillas), El",,Casa de Oración Monticello,1,Católica,"Carretera a Colotlán s/n, Junto a la Hacienda Monticello",
490,"Taray, El",,Inexistente,99,NINGUNO,,
491,Cabañas de la Barranca,,inexistente,99,NINGUNO,,
492,Kilómetro 10 (carr. a Colotlán),,Colegio Iniciático Ashram  (Hindú),,Desconocido,"Kilometro 10, Carretera a Colotlán",Contacto: Enrique Ochoa
493,Prados de Nextipac,,Inexistente,99,NINGUNO,,
494,"Soledad de afuera, La",,Inexistente,99,NINGUNO,,
495,Canteras del Centinela,,Inexistente,99,NINGUNO,,
496,Parques del Centinela Residencial,,Inexistente,99,NINGUNO,,
497,San Isidro Residencial,,Inexistente,99,NINGUNO,,
498,Quintas del Valle,,Inexistente,99,NINGUNO,,
499,Misión del Valle,,Capilla,1,Católica,Prolongación Acueducto y Escuadrón 2001,
500,"Mandarinos, Los",,Inexistente,99,NINGUNO,,
501,Viveros del Valle,,Inexistente,99,NINGUNO,,
502,Rinconadas del Aire,,Inexistente,99,NINGUNO,,
503,Flores del Valle,,Inexistente,99,NINGUNO,,
504,Villas Muro Vekio,,Inexistente,99,NINGUNO,,
505,Puerta la Plata,,Inexistente,99,NINGUNO,,
506,Jardines de los Pinos,,Inexistente,99,NINGUNO,,
507,Portales de Santa Ana,,Inexistente,99,NINGUNO,,
508,Villas Perisur,,Inexistente,99,NINGUNO,,
509,Villa Bonita,,Inexistente,99,NINGUNO,,
510,Jardines del Álamo,RS,Inexistente,99,NINGUNO,,
511,San Gerónimo,RS,Inexistente,99,NINGUNO,,
512,Villas del Centinela,,Inexistente,99,NINGUNO,,
513,Unidad Habitacional Los Belenes,,Inexistente,99,NINGUNO,,
514,Senderos del Centinela,,Inexistente,99,NINGUNO,,
515,Rinconada de los Sauces,,Inexistente,99,NINGUNO,,
516,Valle de los Sauces (ó Rinconada San Isidro),,Inexistente,99,NINGUNO,,
517,Haciendas la Herradura,,Inexistente,99,NINGUNO,,
518,Valle de Nuevo México,3,Inexistente,99,NINGUNO,,
519,Bosque de los Encinos,3,Inexistente,99,NINGUNO,,
520,Bosques de San Gonzalo,3,Inexistente,99,NINGUNO,,
521,Porta Real,,Inexistente,99,NINGUNO,,
522,Solares,,Inexistente,99,NINGUNO,,
523,Altamira (Coto Privado),,Inexistente,99,NINGUNO,,
524,Santa Catalina Hábitat Residencial,,Inexistente,99,NINGUNO,,
525,Puerta del Llano,,Inexistente,99,NINGUNO,,
526,Arauca,,Inexistente,99,NINGUNO,,
527,Zapote (Nuevo México),3,Inexistente,99,NINGUNO,,
528,"Tizate, El",7,Iglesia  (terreno),1,Católica,Guamuchil y Jacarandas,Jesús Ordaz
529,"Patios, Los",RN,Sr. del Encino,1,Católica,Calle encino y Laureles,
530,Bolsa del Rayo,RN,Inexistente,99,NINGUNO,,
531,"Cuchilla, La (ó Valle de la Providencia)",RN,La Divina Providencia,1,Católica,Morelos y V. Carranza,
532,San Rafael Tercero,RN,Inexistente,99,NINGUNO,,
533,"Tarjea, La",RN,Inexistente,99,NINGUNO,,
